#Solar Radiation Research Laboratory (39.74 N,105.18 W) file for 13
# data obtained from ...
$state_name=N/A
$city_name=N/A
temperature,humidity,wind_speed,solar_dir,solar_diff,solar_global
01:01:00:00:00,13.316,0.868,0.0,0.0,0.0,0.0
01:01:00:01:00,13.406,0.8690000000000001,0.0,0.0,0.0,0.0
01:01:00:02:00,13.442,0.868,0.0,0.0,0.0,0.0
01:01:00:03:00,13.658,0.871,0.0,0.0,0.0,0.0
01:01:00:04:00,13.586,0.862,0.0,0.0,0.0,0.0
01:01:00:05:00,13.28,0.852,0.0,0.0,0.0,0.0
01:01:00:06:00,13.208,0.8540000000000001,0.0,0.0,0.0,0.0
01:01:00:07:00,13.226,0.858,0.0,0.0,0.0,0.0
01:01:00:08:00,13.154,0.856,0.0,0.0,0.0,0.0
01:01:00:09:00,13.154,0.856,0.0,0.0,0.0,0.0
01:01:00:10:00,13.1,0.856,0.0,0.0,0.0,0.0
01:01:00:11:00,13.082,0.8590000000000001,0.0,0.0,0.0,0.0
01:01:00:12:00,13.118,0.861,0.0,0.0,0.0,0.0
01:01:00:13:00,13.046,0.856,0.7919,0.0,0.0,0.0
01:01:00:14:00,12.956,0.853,0.906,0.0,0.0,0.0
01:01:00:15:00,12.866,0.853,2.1229,0.0,0.0,0.0
01:01:00:16:00,12.794,0.851,2.0647,0.0,0.0,0.0
01:01:00:17:00,12.632,0.847,1.6419,0.0,0.0,0.0
01:01:00:18:00,12.344,0.841,0.0,0.0,0.0,0.0
01:01:00:19:00,12.362,0.8490000000000001,0.0,0.0,0.0,0.0
01:01:00:20:00,12.344,0.851,0.0,0.0,0.0,0.0
01:01:00:21:00,12.344,0.853,0.0,0.0,0.0,0.0
01:01:00:22:00,12.38,0.855,0.0,0.0,0.0,0.0
01:01:00:23:00,12.416,0.855,0.1141,0.0,0.0,0.0
01:01:00:24:00,12.416,0.855,0.7069,0.0,0.0,0.0
01:01:00:25:00,12.434,0.857,0.4519,0.0,0.0,0.0
01:01:00:26:00,12.524,0.857,1.6128,0.0,0.0,0.0
01:01:00:27:00,12.506,0.857,1.4987,0.0,0.0,0.0
01:01:00:28:00,12.578,0.857,0.0,0.0,0.0,0.0
01:01:00:29:00,12.722,0.858,0.0,0.0,0.0,0.0
01:01:00:30:00,12.938,0.86,0.0,0.0,0.0,0.0
01:01:00:31:00,13.262,0.862,0.5659,0.0,0.0,0.0
01:01:00:32:00,13.568,0.861,0.736,0.003918336,0.0,0.0
01:01:00:33:00,13.91,0.856,0.0,0.008549122,0.0,0.0
01:01:00:34:00,14.27,0.8490000000000001,0.0,0.006768044,0.0,0.0
01:01:00:35:00,14.54,0.8390000000000001,0.2259,0.0,0.0,0.0
01:01:00:36:00,14.738,0.8290000000000001,0.2259,0.0,0.0,0.0
01:01:00:37:00,14.882,0.823,0.5659,0.0,0.0,0.0
01:01:00:38:00,14.936,0.8170000000000001,1.6978,0.0,0.0,0.0
01:01:00:39:00,14.882,0.812,1.246,0.0,0.0,0.0
01:01:00:40:00,14.828,0.8079999999999999,2.0088,0.0,0.0,0.0
01:01:00:41:00,14.666,0.8029999999999999,2.7156,0.0,0.0,0.0
01:01:00:42:00,14.522,0.804,2.2906,0.0,0.0,0.0
01:01:00:43:00,14.414,0.8029999999999999,2.6016,0.0,0.0,0.0
01:01:00:44:00,14.288,0.804,2.7716,0.0,0.0,0.0
01:01:00:45:00,14.252,0.8059999999999999,2.7156,0.0,0.0,0.0
01:01:00:46:00,14.198,0.81,2.6597,0.0,0.0,0.0
01:01:00:47:00,14.252,0.81,2.8856,0.0,0.0,0.0
01:01:00:48:00,14.252,0.8109999999999999,2.5456,0.0,0.0,0.0
01:01:00:49:00,14.27,0.8109999999999999,2.0647,0.0,0.0,0.0
01:01:00:50:00,14.324,0.812,1.9797,0.0,0.0,0.0
01:01:00:51:00,14.396,0.813,2.0378,0.0,0.0,0.0
01:01:00:52:00,14.486,0.8140000000000001,2.8275,0.0,0.0,0.0
01:01:00:53:00,14.594,0.812,3.0534,0.0,0.0,0.0
01:01:00:54:00,14.54,0.802,2.5747,0.0,0.0,0.0
01:01:00:55:00,14.378,0.8009999999999999,2.1229,0.0,0.0,0.0
01:01:00:56:00,14.396,0.804,3.0825,0.0,0.0,0.0
01:01:00:57:00,14.414,0.8009999999999999,3.9303,0.0,0.0,0.0
01:01:00:58:00,14.378,0.7987000000000001,3.5075,0.0,0.0,0.0
01:01:00:59:00,14.36,0.7978000000000001,3.1966,0.0,0.0,0.0
01:01:01:00:00,14.342,0.7981999999999999,3.2234,0.0,0.0,0.0
01:01:01:01:00,14.36,0.7989,3.2793,0.0,0.0,0.0
01:01:01:02:00,14.378,0.7972,2.7425,0.0,0.0,0.0
01:01:01:03:00,14.468,0.795,2.5166,0.0,0.0,0.0
01:01:01:04:00,14.54,0.7922,2.7425,0.0,0.0,0.0
01:01:01:05:00,14.612,0.7875,2.6016,0.0,0.0,0.0
01:01:01:06:00,14.504,0.7786,2.3756,0.0,0.0,0.0
01:01:01:07:00,14.324,0.7761,3.1966,0.0,0.0,0.0
01:01:01:08:00,14.234,0.7798,3.9012,0.0,0.0,0.0
01:01:01:09:00,14.162,0.7809,4.919,0.0,0.0,0.0
01:01:01:10:00,14.054,0.7813,5.0599,0.0,0.0,0.0
01:01:01:11:00,13.982,0.7829999999999999,5.23,0.0,0.0,0.0
01:01:01:12:00,13.838,0.7859999999999999,4.4672,0.0,0.0,0.0
01:01:01:13:00,13.82,0.7883,4.1271,0.0,0.0,0.0
01:01:01:14:00,13.838,0.7914,3.3644,0.0,0.0,0.0
01:01:01:15:00,13.91,0.7923,0.51,0.0,0.002809482,0.0
01:01:01:16:00,14.036,0.7957,0.0,0.0,0.0,0.0
01:01:01:17:00,14.288,0.805,0.425,0.0,0.0,0.0
01:01:01:18:00,14.54,0.804,1.3019,0.0,0.0,0.0
01:01:01:19:00,14.648,0.795,0.34,0.0,0.0,0.0
01:01:01:20:00,14.594,0.7876000000000001,2.3197,0.0,0.0,0.0
01:01:01:21:00,14.558,0.7870999999999999,3.1384,0.0,0.0,0.0
01:01:01:22:00,14.504,0.7787000000000001,5.0599,0.0,0.0,0.0
01:01:01:23:00,14.432,0.7715000000000001,6.8406,0.0,0.0,0.0
01:01:01:24:00,14.27,0.7575,7.5474,0.0,0.0,0.0
01:01:01:25:00,14.054,0.7534000000000001,6.7287,0.0,6.82536E-4,0.0
01:01:01:26:00,13.91,0.7563,6.8987,0.0,0.0,0.0
01:01:01:27:00,13.838,0.7579,7.2365,0.0,0.0,0.0
01:01:01:28:00,13.694,0.7584000000000001,7.3215,0.0,0.0,0.0
01:01:01:29:00,13.442,0.7612000000000001,6.2478,0.0,0.0,0.0
01:01:01:30:00,13.316,0.7675,5.4,0.0,0.0,0.0
01:01:01:31:00,13.388,0.7692,5.2859,0.0,0.0,0.0
01:01:01:32:00,13.388,0.7684000000000001,4.749,0.0,0.0,0.0
01:01:01:33:00,13.388,0.7703,5.0599,0.0,0.0,0.0
01:01:01:34:00,13.352,0.7713,4.7781,0.0,0.0,0.0
01:01:01:35:00,13.352,0.773,4.9481,0.0,0.0,0.0
01:01:01:36:00,13.334,0.7748,5.2859,0.0,0.0,0.0
01:01:01:37:00,13.298,0.7787999999999999,5.9659,0.0,0.0,0.0
01:01:01:38:00,13.406,0.7805,6.2187,0.0,0.0,0.0
01:01:01:39:00,13.406,0.7804000000000001,7.6033,0.0,0.0,0.0
01:01:01:40:00,13.442,0.7802,7.1246,0.0,0.00380955,0.0
01:01:01:41:00,13.55,0.775,7.3774,0.0,0.002459899,0.0
01:01:01:42:00,13.658,0.7675,7.6884,0.0,0.0,0.0
01:01:01:43:00,13.838,0.7561,7.3774,0.005699415,0.0,0.0
01:01:01:44:00,14.072,0.7459,6.3887,0.009974023,0.0,0.0
01:01:01:45:00,14.324,0.7375,6.7846,0.006768044,0.0,0.0
01:01:01:46:00,14.396,0.7331,5.485,0.0,0.0,0.0
01:01:01:47:00,14.288,0.7331,4.9749,0.0,0.0,0.0
01:01:01:48:00,14.234,0.7328,5.6259,0.0,0.0,0.0
01:01:01:49:00,14.252,0.7322,5.174,0.0,0.0,0.0
01:01:01:50:00,14.396,0.7301000000000001,5.089,0.0,0.0,0.0
01:01:01:51:00,14.45,0.7271,5.1181,0.0,0.0,0.0
01:01:01:52:00,14.54,0.7245,5.8518,0.0,0.0,0.0
01:01:01:53:00,14.684,0.7214,5.5968,0.0,0.0,0.0
01:01:01:54:00,14.702,0.7206999999999999,5.0331,0.0,0.0,0.0
01:01:01:55:00,14.756,0.7208,4.5231,0.001068629,0.0,0.0
01:01:01:56:00,14.774,0.7197,4.6081,0.0,0.0,0.0
01:01:01:57:00,14.72,0.7204999999999999,4.0153,0.0,0.0,0.0
01:01:01:58:00,14.702,0.7239,3.9303,0.0,0.0,0.0
01:01:01:59:00,14.648,0.723,4.6662,0.0,0.0,0.0
01:01:02:00:00,14.396,0.7252,4.5522,0.0,0.0,0.0
01:01:02:01:00,14.234,0.7318000000000001,4.6372,0.0,0.0,0.0
01:01:02:02:00,14.288,0.7368000000000001,5.0331,0.0,0.0,0.0
01:01:02:03:00,14.36,0.7343999999999999,4.5812,0.0,0.0,0.0
01:01:02:04:00,14.432,0.7351000000000001,5.0331,0.0,0.0,0.0
01:01:02:05:00,14.504,0.7339,5.57,0.0,0.0,0.0
01:01:02:06:00,14.504,0.7342,7.1246,0.0,0.0,0.0
01:01:02:07:00,14.504,0.732,6.7555,0.0,0.0,0.0
01:01:02:08:00,14.45,0.7312000000000001,6.3328,0.0,0.0,0.0
01:01:02:09:00,14.468,0.732,6.8137,0.0,0.0,0.0
01:01:02:10:00,14.486,0.7306,7.2656,0.0,0.0,0.0
01:01:02:11:00,14.522,0.7284,7.7465,0.0,0.0,0.0
01:01:02:12:00,14.432,0.7277,6.8137,0.0,0.0,0.0
01:01:02:13:00,14.468,0.727,7.3215,0.0,0.0,0.0
01:01:02:14:00,14.504,0.7251000000000001,7.9143,0.0,0.0,0.0
01:01:02:15:00,14.36,0.7267,8.3393,0.0,0.0,0.0
01:01:02:16:00,14.432,0.726,7.4356,0.0,0.0,0.0
01:01:02:17:00,14.756,0.7169,7.4624,0.001781079,0.0,0.0
01:01:02:18:00,14.918,0.7136,8.5652,0.0,0.0,0.0
01:01:02:19:00,14.936,0.7095999999999999,8.4511,0.0,0.0,0.0
01:01:02:20:00,15.152,0.7031000000000001,8.4802,0.014248538,0.0,0.0
01:01:02:21:00,15.422,0.6944,10.3168,0.018166874,0.0,0.0
01:01:02:22:00,15.476,0.6848000000000001,10.4308,0.01068638,0.0,0.0
01:01:02:23:00,15.44,0.6867,7.0106,0.008905301,0.0,0.0
01:01:02:24:00,15.854,0.6712,9.073,0.023509924,0.0,0.0
01:01:02:25:00,16.124,0.6645,8.8471,0.026003453,0.0,0.0
01:01:02:26:00,16.268,0.6563,10.4308,0.025647368,0.0,0.0
01:01:02:27:00,16.34,0.655,10.9945,0.015317166,0.0,0.0
01:01:02:28:00,16.286,0.6546,11.3636,0.003562158,0.0,0.0
01:01:02:29:00,16.304,0.6554000000000001,12.5783,0.0,0.0,0.0
01:01:02:30:00,16.214,0.6598,13.5379,0.0,0.0,0.0
01:01:02:31:00,16.196,0.6607999999999999,12.5224,0.0,0.0,0.0
01:01:02:32:00,16.142,0.6629999999999999,11.5605,0.0,0.0,0.0
01:01:02:33:00,16.016,0.6696,10.9945,0.0,0.0,0.0
01:01:02:34:00,15.8,0.6777,9.0462,0.0,0.0,0.0
01:01:02:35:00,15.656,0.682,9.809,0.0,0.0,0.0
01:01:02:36:00,15.548,0.6862999999999999,9.8649,0.0,0.0,0.0
01:01:02:37:00,15.404,0.6914,10.2317,0.0,0.0,0.0
01:01:02:38:00,15.332,0.6958,11.6164,0.0,0.0,0.0
01:01:02:39:00,15.476,0.691,13.142,0.0,0.0,0.0
01:01:02:40:00,15.638,0.6846,12.8333,0.0,0.0,0.0
01:01:02:41:00,15.62,0.6815000000000001,13.482,0.0,0.0,0.0
01:01:02:42:00,15.692,0.6767,12.0683,0.0,0.0,0.0
01:01:02:43:00,15.8,0.6756,10.9095,0.0,0.0,0.0
01:01:02:44:00,15.782,0.6764,10.9945,0.0,0.0,0.0
01:01:02:45:00,15.764,0.6779999999999999,11.1377,0.0,0.0,0.0
01:01:02:46:00,15.692,0.6801999999999999,10.6008,0.0,0.0,0.0
01:01:02:47:00,15.512,0.687,10.9945,0.0,0.0,0.0
01:01:02:48:00,15.368,0.6914,11.8423,0.0,0.0,0.0
01:01:02:49:00,15.26,0.6960999999999999,11.5314,0.0,0.0,0.0
01:01:02:50:00,15.17,0.6976,11.1377,0.0,0.0,0.0
01:01:02:51:00,15.152,0.6970000000000001,9.894,0.0,0.0,0.0
01:01:02:52:00,15.188,0.6951,10.1199,0.0,0.0,0.0
01:01:02:53:00,15.314,0.6895,9.8358,0.0,0.0,0.0
01:01:02:54:00,15.512,0.6836,9.554,0.003205886,0.0,0.0
01:01:02:55:00,15.62,0.6781999999999999,9.0462,0.008192944,0.0,0.0
01:01:02:56:00,15.656,0.6748000000000001,9.668,0.002137257,0.0,0.0
01:01:02:57:00,15.638,0.6767,9.979,0.0,0.0,0.0
01:01:02:58:00,15.476,0.6795,10.0349,0.0,0.0,0.0
01:01:02:59:00,15.44,0.6789000000000001,10.0908,0.0,0.0,0.0
01:01:03:00:00,15.512,0.6764,9.498,0.0,0.0,0.0
01:01:03:01:00,15.584,0.6729999999999999,9.668,0.0,0.0,0.0
01:01:03:02:00,15.548,0.6772,9.1021,0.0,0.0,0.0
01:01:03:03:00,15.44,0.6809000000000001,8.5361,0.0,0.0,0.0
01:01:03:04:00,15.404,0.6848000000000001,9.1021,0.0,0.0,0.0
01:01:03:05:00,15.476,0.6854,9.2139,0.0,0.0,0.0
01:01:03:06:00,15.476,0.6905,9.0462,0.0,0.0,0.0
01:01:03:07:00,15.602,0.6943,9.073,0.0,0.0,0.0
01:01:03:08:00,15.692,0.6993,8.2252,0.0,0.0,0.0
01:01:03:09:00,15.638,0.7026,8.1402,0.0,0.0,0.0
01:01:03:10:00,15.494,0.7079000000000001,8.1984,0.0,0.0,0.0
01:01:03:11:00,15.386,0.7147,8.3952,0.0,0.0,0.0
01:01:03:12:00,15.26,0.7182,7.9993,0.0,0.0,0.0
01:01:03:13:00,15.044,0.7240000000000001,6.8137,0.0,0.0,0.0
01:01:03:14:00,14.918,0.7306,5.74,0.0,0.0,0.0
01:01:03:15:00,14.792,0.7354999999999999,5.57,0.0,0.0,0.0
01:01:03:16:00,14.684,0.7414000000000001,5.485,0.0,0.0,0.0
01:01:03:17:00,14.612,0.7506999999999999,5.7959,0.0,0.0,0.0
01:01:03:18:00,14.594,0.7583,5.8518,0.0,0.0,0.0
01:01:03:19:00,14.594,0.7618,5.57,0.0,0.0,0.0
01:01:03:20:00,14.594,0.767,5.9077,0.0,0.0,0.0
01:01:03:21:00,14.54,0.7714,5.8809,0.0,0.0,0.0
01:01:03:22:00,14.54,0.7765000000000001,5.5118,0.0,0.0,0.0
01:01:03:23:00,14.576,0.7803,5.429,0.0,0.0,0.0
01:01:03:24:00,14.63,0.7807999999999999,5.0599,0.0,0.0,0.0
01:01:03:25:00,14.756,0.7796,5.2031,0.0,0.0,0.0
01:01:03:26:00,14.774,0.7766,5.4,0.0,0.0,0.0
01:01:03:27:00,14.774,0.775,5.74,0.0,0.0,0.0
01:01:03:28:00,14.792,0.7757,5.174,0.0,0.0,0.0
01:01:03:29:00,14.828,0.7744,5.7668,0.0,0.0,0.0
01:01:03:30:00,14.864,0.7696999999999999,5.7109,0.0,0.0,0.0
01:01:03:31:00,14.936,0.7676999999999999,5.4,0.002493529,0.0,0.0
01:01:03:32:00,14.99,0.7703,4.8922,0.009261573,0.0,0.0
01:01:03:33:00,15.062,0.7741,4.5231,0.008905394,0.0,0.0
01:01:03:34:00,15.044,0.7759,4.5522,0.009974023,0.0,0.0
01:01:03:35:00,15.044,0.7767000000000001,4.2972,0.006411865,0.0,0.0
01:01:03:36:00,14.954,0.7779,3.8453,0.002493529,0.0,0.0
01:01:03:37:00,14.954,0.7787999999999999,3.2793,7.1245E-4,0.0,0.0
01:01:03:38:00,14.918,0.7797,3.2525,7.1245E-4,0.0,0.0
01:01:03:39:00,14.954,0.7811,2.6597,0.0,0.0,0.0
01:01:03:40:00,14.918,0.7815000000000001,2.7425,0.0014249,0.0,0.0
01:01:03:41:00,14.936,0.7820999999999999,2.7716,0.00213735,0.0,0.0
01:01:03:42:00,14.9,0.7809999999999999,2.7716,0.0,0.0,0.0
01:01:03:43:00,15.008,0.7784,2.7716,0.0,0.0,0.0
01:01:03:44:00,15.008,0.7768999999999999,2.9416,0.0,0.0,0.0
01:01:03:45:00,15.062,0.7763,2.8856,0.0,0.0,0.0
01:01:03:46:00,15.008,0.7761,3.3084,0.0,0.0,0.0
01:01:03:47:00,14.972,0.7775,3.3084,0.0,0.0,0.0
01:01:03:48:00,14.972,0.7797,3.9594,0.0,0.0,0.0
01:01:03:49:00,14.918,0.7823,4.749,0.0,0.0,0.0
01:01:03:50:00,14.972,0.7873,5.429,0.0,0.0,0.0
01:01:03:51:00,14.99,0.7928000000000001,4.4672,0.0,0.0,0.0
01:01:03:52:00,15.116,0.7981,4.9749,0.0,0.0,0.0
01:01:03:53:00,15.152,0.7996,5.8518,0.0,0.0,0.0
01:01:03:54:00,15.188,0.8009999999999999,4.4112,0.0,0.0,0.0
01:01:03:55:00,15.242,0.804,4.6372,0.0,0.0,0.0
01:01:03:56:00,15.26,0.804,4.3822,0.0,0.0,0.0
01:01:03:57:00,15.206,0.804,4.1853,0.0,0.0,0.0
01:01:03:58:00,15.188,0.805,2.5456,0.0,0.0,0.0
01:01:03:59:00,15.188,0.8059999999999999,3.1384,0.0,0.0,0.0
01:01:04:00:00,15.134,0.8059999999999999,2.2056,0.0,0.0,0.0
01:01:04:01:00,15.116,0.807,2.3756,0.0,0.0,0.0
01:01:04:02:00,15.044,0.807,1.1878,0.0,0.0,0.0
01:01:04:03:00,14.972,0.807,0.0559,0.0,0.0,0.0
01:01:04:04:00,14.864,0.8059999999999999,0.3109,0.0,0.0,0.0
01:01:04:05:00,14.882,0.807,1.5838,0.0,0.0,0.0
01:01:04:06:00,14.846,0.8059999999999999,0.6219,0.0,0.0,0.0
01:01:04:07:00,14.774,0.8059999999999999,0.0,0.0,0.0,0.0
01:01:04:08:00,14.666,0.8059999999999999,0.0,0.0,0.0,0.0
01:01:04:09:00,14.594,0.8059999999999999,0.0559,0.0,0.0,0.0
01:01:04:10:00,14.522,0.8059999999999999,0.0,0.0,0.0,0.0
01:01:04:11:00,14.468,0.807,0.0,0.0,0.0,0.0
01:01:04:12:00,14.342,0.8079999999999999,0.34,0.0,0.0,0.0
01:01:04:13:00,14.306,0.809,1.3019,0.0,0.0,0.0
01:01:04:14:00,14.234,0.81,0.1141,0.0,0.0,0.0
01:01:04:15:00,14.144,0.809,0.0,0.0,0.0,0.0
01:01:04:16:00,14.126,0.812,0.0,0.0,0.0,0.0
01:01:04:17:00,14.09,0.818,0.0,0.0,0.0,0.0
01:01:04:18:00,14.126,0.8220000000000001,0.0,0.0,0.0,0.0
01:01:04:19:00,14.198,0.826,0.0,0.0,0.0,0.0
01:01:04:20:00,14.27,0.8270000000000001,0.0,0.0,0.0,0.0
01:01:04:21:00,14.36,0.83,0.0,0.0,0.0,0.0
01:01:04:22:00,14.468,0.83,0.0,0.0,0.0,0.0
01:01:04:23:00,14.54,0.8270000000000001,0.0,0.0,0.001693567,0.0
01:01:04:24:00,14.504,0.8220000000000001,0.0,0.0,0.0,0.0
01:01:04:25:00,14.432,0.816,0.0,0.0,0.0,0.0
01:01:04:26:00,14.306,0.81,2.4897,0.0,0.0,0.0
01:01:04:27:00,14.018,0.8059999999999999,4.1853,0.0,0.0,0.0
01:01:04:28:00,13.784,0.812,3.7603,0.0,0.003057896,0.0
01:01:04:29:00,13.55,0.816,4.2972,0.0,0.005086182,0.0
01:01:04:30:00,13.37,0.8270000000000001,4.2122,0.0,0.005348346,0.0
01:01:04:31:00,13.298,0.835,3.9594,0.0,0.004873627,0.0
01:01:04:32:00,13.334,0.843,3.9012,0.0,0.0043192,0.0
01:01:04:33:00,13.226,0.8440000000000001,5.0599,0.0,0.004208463,0.0
01:01:04:34:00,13.118,0.8440000000000001,6.1068,0.0,0.004797542,0.0
01:01:04:35:00,13.082,0.843,5.4559,0.0,0.004588796,0.0
01:01:04:36:00,13.046,0.835,5.4559,0.0,0.006346835,0.0
01:01:04:37:00,13.19,0.8220000000000001,5.259,0.0,0.006562363,0.0
01:01:04:38:00,13.442,0.807,5.0599,0.0,0.003184519,0.0
01:01:04:39:00,13.622,0.7944,4.834,0.0,0.0,0.0
01:01:04:40:00,13.82,0.7847,4.9749,0.0,0.0,0.0
01:01:04:41:00,14.036,0.7753,5.9368,0.0,0.0,0.0
01:01:04:42:00,14.306,0.7739,6.1068,0.0,0.0,0.0
01:01:04:43:00,14.63,0.7683,6.4737,0.0,0.0,0.0
01:01:04:44:00,14.882,0.7664,6.3328,0.0,0.0,0.0
01:01:04:45:00,15.17,0.7646999999999999,6.6705,0.0,0.0,0.0
01:01:04:46:00,15.278,0.7574,7.2656,0.0,0.0,0.0
01:01:04:47:00,15.26,0.7525,7.6615,0.0,0.0,0.0
01:01:04:48:00,15.224,0.7497,7.5765,0.0,0.0,0.0
01:01:04:49:00,15.224,0.7539,7.8584,0.0,0.0,0.0
01:01:04:50:00,15.188,0.7526,7.3774,0.0,0.0,0.0
01:01:04:51:00,15.152,0.7528,7.4356,0.0,0.0,0.0
01:01:04:52:00,15.152,0.763,6.9546,0.0,0.0,0.0
01:01:04:53:00,15.296,0.7692,6.2478,0.0,0.0,0.0
01:01:04:54:00,15.512,0.7739,5.5118,0.0,0.0,0.0
01:01:04:55:00,15.656,0.7746,5.259,0.0,0.0,0.0
01:01:04:56:00,15.8,0.7768,5.1181,0.001781079,0.0,0.0
01:01:04:57:00,15.854,0.7762,5.429,0.0,0.0,0.0
01:01:04:58:00,15.818,0.7652,5.57,0.0,0.0,0.0
01:01:04:59:00,15.26,0.7417,5.1181,0.0,0.0,0.0
01:01:05:00:00,14.576,0.7498,4.3262,0.0,0.0,0.0
01:01:05:01:00,14.108,0.7559999999999999,4.0153,0.0,0.0,0.0
01:01:05:02:00,13.784,0.7585,4.2412,0.0,0.00282351,0.0
01:01:05:03:00,13.586,0.7691,4.4672,0.0,0.006159177,0.0
01:01:05:04:00,13.496,0.7753,4.8072,0.0,0.006403504,0.0
01:01:05:05:00,13.388,0.7776000000000001,4.3822,0.0,0.006771202,0.0
01:01:05:06:00,13.172,0.7797,3.2234,0.0,0.008890623,0.0
01:01:05:07:00,13.064,0.7831,3.7603,0.0,0.009945595,0.0
01:01:05:08:00,13.208,0.7890999999999999,3.6194,0.0,0.009580034,0.0
01:01:05:09:00,13.442,0.7848,3.5634,0.0,0.004089923,0.0
01:01:05:10:00,13.532,0.774,4.2412,0.0,0.007240998,0.0
01:01:05:11:00,13.91,0.7743000000000001,4.0444,0.0,0.011398273,0.0
01:01:05:12:00,14.468,0.7673000000000001,4.1271,0.0,0.001385139,0.0
01:01:05:13:00,14.648,0.7503,3.9862,0.0,0.00228887,0.0
01:01:05:14:00,14.774,0.7505,4.6662,0.0,0.0,0.0
01:01:05:15:00,14.72,0.7381,5.429,0.0,0.0,0.0
01:01:05:16:00,14.54,0.7369,6.0218,0.0,0.0,0.0
01:01:05:17:00,14.432,0.7422,5.8518,0.0,0.0,0.0
01:01:05:18:00,14.36,0.7436,4.1003,0.0,0.0,0.0
01:01:05:19:00,14.306,0.7439,5.315,0.0,0.0,0.0
01:01:05:20:00,14.27,0.7494,6.1068,0.0,0.0,0.0
01:01:05:21:00,14.36,0.7509999999999999,6.0218,0.0,0.0,0.0
01:01:05:22:00,14.324,0.7498999999999999,6.4737,0.0,0.0,0.0
01:01:05:23:00,14.27,0.7542,7.0396,0.0,0.0,0.0
01:01:05:24:00,14.252,0.754,6.6437,0.0,0.0,0.0
01:01:05:25:00,14.162,0.7471,6.2478,0.0,0.0,0.0
01:01:05:26:00,13.802,0.7411,5.145,0.0,0.0,0.0
01:01:05:27:00,13.442,0.7426,5.2031,0.0,0.0,0.0
01:01:05:28:00,13.1,0.7473000000000001,5.2031,0.0,0.002749376,0.0
01:01:05:29:00,12.92,0.7506,4.8631,0.0,0.004529247,0.0
01:01:05:30:00,12.848,0.7526,4.4112,0.0,0.004955936,0.0
01:01:05:31:00,12.74,0.7534000000000001,4.4381,0.0,0.006680067,0.0
01:01:05:32:00,12.614,0.7545999999999999,5.315,0.0,0.006549078,0.0
01:01:05:33:00,12.56,0.7565999999999999,5.6818,0.0,0.007610832,0.0
01:01:05:34:00,12.506,0.7594,5.485,0.0,0.007848099,0.0
01:01:05:35:00,12.524,0.7605,4.7222,0.0,0.006630087,0.0
01:01:05:36:00,12.578,0.76,4.9749,0.0,0.004222491,0.0
01:01:05:37:00,12.632,0.7595999999999999,5.0331,0.0,0.001696726,0.0
01:01:05:38:00,12.704,0.7583,4.8072,0.0,8.58861E-4,0.0
01:01:05:39:00,12.812,0.7570999999999999,4.7222,0.0,0.0,0.0
01:01:05:40:00,12.956,0.7545000000000001,3.9012,0.0,0.0,0.0
01:01:05:41:00,12.992,0.7472,4.4962,0.0,0.0,0.0
01:01:05:42:00,13.028,0.7439,4.0153,0.0,0.0,0.0
01:01:05:43:00,12.974,0.7425,4.4672,0.0,0.0,0.0
01:01:05:44:00,12.902,0.7429000000000001,4.6931,0.0,0.0,0.0
01:01:05:45:00,12.848,0.7462000000000001,4.6081,0.0,0.0,0.0
01:01:05:46:00,12.938,0.7476,4.6662,0.0,0.0,0.0
01:01:05:47:00,13.046,0.7447,4.7781,0.0,0.0,0.0
01:01:05:48:00,13.01,0.7352,5.0331,0.0,0.0,0.0
01:01:05:49:00,12.866,0.7356,4.919,0.0,0.0,0.0
01:01:05:50:00,12.866,0.7395,4.8072,0.0,0.0,0.0
01:01:05:51:00,12.902,0.7445999999999999,4.5231,0.0,0.0,0.0
01:01:05:52:00,12.974,0.7532,4.6372,3.56179E-4,0.0,0.0
01:01:05:53:00,13.046,0.7506999999999999,4.6931,0.001068629,0.0,0.0
01:01:05:54:00,13.064,0.7474,4.6081,0.0,0.0,0.0
01:01:05:55:00,13.1,0.7454999999999999,4.7222,0.0,0.0,0.0
01:01:05:56:00,13.136,0.7397,4.6931,0.0,0.0,0.0
01:01:05:57:00,13.136,0.7363,4.8072,0.0,0.0,0.0
01:01:05:58:00,13.136,0.7397,4.9481,0.0,0.0,0.0
01:01:05:59:00,13.154,0.7458,5.1181,0.0,0.0,0.0
01:01:06:00:00,13.244,0.7589,4.9481,0.0,0.0,0.0
01:01:06:01:00,13.388,0.7686,5.2031,3.56179E-4,0.0,0.0
01:01:06:02:00,13.568,0.7665000000000001,4.8631,0.002493529,0.0,0.0
01:01:06:03:00,13.658,0.754,4.9481,0.004630786,0.0,0.0
01:01:06:04:00,13.748,0.7443000000000001,4.919,0.006055594,0.0,0.0
01:01:06:05:00,13.766,0.7469,5.2031,0.009261573,0.0,0.0
01:01:06:06:00,13.802,0.7518,4.5812,0.011755101,0.0,0.0
01:01:06:07:00,13.946,0.7559,4.3553,0.011042651,0.0,0.0
01:01:06:08:00,14.108,0.7556,4.0444,0.011398923,0.0,0.0
01:01:06:09:00,14.234,0.7565000000000001,3.6194,0.013892359,0.0,0.0
01:01:06:10:00,14.324,0.7511,3.7044,0.009617844,0.0,0.0
01:01:06:11:00,14.306,0.7473000000000001,4.1562,0.007836765,0.0,0.0
01:01:06:12:00,14.234,0.754,4.7781,0.005699415,0.0,0.0
01:01:06:13:00,14.306,0.7567,5.145,0.009974023,0.0,0.0
01:01:06:14:00,14.342,0.7556,4.5231,0.010686473,0.0,0.0
01:01:06:15:00,14.342,0.7572,4.3553,0.012467552,0.0,0.0
01:01:06:16:00,14.342,0.7625,4.0444,0.013179909,0.0,0.0
01:01:06:17:00,14.45,0.7652,3.6484,0.008905208,0.0,0.0
01:01:06:18:00,14.63,0.7672,3.9303,0.010686287,0.0,0.0
01:01:06:19:00,14.828,0.7651,4.0444,0.013892173,0.0,0.0
01:01:06:20:00,14.9,0.7626999999999999,4.8922,0.012111187,0.0,0.0
01:01:06:21:00,14.972,0.7609,4.749,0.013179909,0.0,0.0
01:01:06:22:00,15.116,0.7581,4.6372,0.014248538,0.0,0.0
01:01:06:23:00,15.206,0.7547,4.6662,0.011042559,0.0,0.0
01:01:06:24:00,15.242,0.7487,4.4962,0.007480401,0.0,0.0
01:01:06:25:00,15.332,0.7408,4.2703,0.01068638,0.0,0.0
01:01:06:26:00,15.422,0.7318000000000001,4.1562,0.008192851,0.0,0.0
01:01:06:27:00,15.512,0.7215,3.7603,0.012467459,0.0,0.0
01:01:06:28:00,15.692,0.7098,3.9012,0.017454331,0.0,0.0
01:01:06:29:00,15.872,0.7006999999999999,3.9594,0.017810509,0.0,0.0
01:01:06:30:00,16.016,0.6945999999999999,4.0712,0.018879231,0.0,0.0
01:01:06:31:00,16.088,0.6928,4.0444,0.017810602,0.0,0.0
01:01:06:32:00,16.106,0.6909000000000001,4.3553,0.015317166,0.0,0.0
01:01:06:33:00,16.088,0.6907,3.9012,0.012467459,0.0,0.0
01:01:06:34:00,16.052,0.6901,3.1675,0.008549122,0.0,0.0
01:01:06:35:00,15.998,0.6906,2.3197,0.002493529,0.0,0.0
01:01:06:36:00,15.962,0.6925,2.0378,0.0,0.0,0.0
01:01:06:37:00,15.908,0.6948000000000001,3.4225,0.0,0.0,0.0
01:01:06:38:00,15.854,0.6966,4.8922,0.0,0.0,0.0
01:01:06:39:00,15.854,0.7006,4.9749,0.0,0.0,0.0
01:01:06:40:00,15.782,0.7021,3.9862,0.0,0.0,0.0
01:01:06:41:00,15.728,0.7009000000000001,3.5075,0.0,0.0,0.0
01:01:06:42:00,15.8,0.6937000000000001,3.2793,0.0,0.0,0.0
01:01:06:43:00,15.998,0.6848000000000001,3.7894,0.0,0.0,0.0
01:01:06:44:00,16.16,0.6794,3.6753,0.0,0.0,0.0
01:01:06:45:00,16.142,0.6765000000000001,3.8162,0.0,0.0,0.0
01:01:06:46:00,16.232,0.6739,4.749,0.0,0.0,0.0
01:01:06:47:00,16.178,0.6761,5.7959,0.0,0.0,0.0
01:01:06:48:00,16.106,0.6744,5.0331,0.001068629,0.0,0.0
01:01:06:49:00,16.142,0.6712,5.089,0.0014249,0.0,0.0
01:01:06:50:00,16.196,0.6704000000000001,6.2768,0.0,0.0,0.0
01:01:06:51:00,16.124,0.6689,6.2768,0.0,0.0,0.0
01:01:06:52:00,16.124,0.6647,4.4962,0.0,0.0,0.0
01:01:06:53:00,16.16,0.6616,3.5903,0.0,0.0,0.0
01:01:06:54:00,16.268,0.6583,4.9749,0.0,0.0,0.0
01:01:06:55:00,16.214,0.6572,5.9928,0.0,0.0,0.0
01:01:06:56:00,16.142,0.6562,7.3774,0.0,0.0,0.0
01:01:06:57:00,16.088,0.6539,5.9077,0.0,0.0,0.0
01:01:06:58:00,16.142,0.6418,5.0599,0.00213735,0.0,0.0
01:01:06:59:00,16.25,0.6329,3.9862,0.002493529,0.0,0.0
01:01:07:00:00,16.286,0.6284000000000001,2.9975,0.003205886,6.3172E-4,0.0
01:01:07:01:00,16.394,0.6198,4.2122,0.01139883,0.001016419,0.0
01:01:07:02:00,16.502,0.6146,5.2859,0.014604809,0.00404626,0.0
01:01:07:03:00,16.574,0.6119,6.5296,0.013179909,0.005755991,0.0
01:01:07:04:00,16.61,0.6161,6.5587,0.008192944,0.011878659,0.0
01:01:07:05:00,16.592,0.6091,6.1068,0.0014249,0.019395105,0.0
01:01:07:06:00,16.79,0.5872999999999999,4.1853,0.01282373,0.03410647,0.0
01:01:07:07:00,17.132,0.5799,3.1384,0.027428539,0.038254641,0.0
01:01:07:08:00,17.384,0.5753,4.4962,0.023866382,0.045117907,0.013367474
01:01:07:09:00,17.258,0.5915,5.0331,0.006768044,0.080972755,0.054486593
01:01:07:10:00,16.934,0.6028,6.1628,0.0,0.155258196,0.131064249
01:01:07:11:00,16.718,0.6004,4.3822,0.0,0.245892365,0.222078379
01:01:07:12:00,16.736,0.5835,3.8453,0.0,0.303157783,0.272324273
01:01:07:13:00,16.898,0.5801,2.4047,0.0,0.28823154,0.26065882
01:01:07:14:00,16.97,0.5835,3.5344,0.0,0.273365682,0.251663313
01:01:07:15:00,16.88,0.5924,4.5231,0.0,0.350379782,0.330004025
01:01:07:16:00,16.7,0.5954999999999999,4.4672,0.0,0.514112316,0.486465276
01:01:07:17:00,16.664,0.5888,3.5634,7.1245E-4,0.715732257,0.687547326
01:01:07:18:00,16.79,0.5811,3.0266,0.0014249,0.93120173,0.90660181
01:01:07:19:00,16.88,0.5796,1.9528,0.006055687,1.16937875,1.14437936
01:01:07:20:00,17.006,0.5714,1.1319,0.008549215,1.42411984,1.40052324
01:01:07:21:00,17.186,0.5647,1.0178,0.01424863,1.67445747,1.65212431
01:01:07:22:00,17.366,0.5628,0.2259,0.013892359,1.90248981,1.88874061
01:01:07:23:00,17.438,0.5683,1.8947,0.011042651,2.09448624,2.10893219
01:01:07:24:00,17.384,0.5690999999999999,3.5903,0.012467552,2.22590258,2.29652516
01:01:07:25:00,17.348,0.5764,5.1181,0.011755101,2.2913785,2.39637408
01:01:07:26:00,17.132,0.61,4.3553,0.0,2.27568769,2.38235547
01:01:07:27:00,16.736,0.6283,4.2972,0.70957949,2.17027406,2.26585887
01:01:07:28:00,16.574,0.6402,5.6818,2.75283138,1.97469169,2.08400712
01:01:07:29:00,16.394,0.6670999999999999,6.5028,5.5644313,1.77283857,2.02901032
01:01:07:30:00,16.214,0.6911,6.2768,10.9525384,1.62544343,2.1578812
01:01:07:31:00,16.124,0.7071999999999999,6.1068,16.8495517,1.52752683,2.36956314
01:01:07:32:00,16.052,0.7167,6.1337,20.5235609,1.46019291,2.50909894
01:01:07:33:00,16.016,0.7234999999999999,6.2768,22.6775403,1.42212249,2.62370038
01:01:07:34:00,15.998,0.7293999999999999,6.3887,24.3247502,1.42244764,2.75391831
01:01:07:35:00,15.998,0.7353000000000001,5.9928,25.8525836,1.45533424,2.91127233
01:01:07:36:00,15.98,0.7395,5.57,28.0119512,1.50907689,3.12921573
01:01:07:37:00,16.106,0.7415999999999999,5.1181,30.5407821,1.5638786,3.37727731
01:01:07:38:00,16.232,0.743,5.174,32.7165001,1.60630603,3.60417627
01:01:07:39:00,16.43,0.7415999999999999,4.8072,34.496557,1.62986547,3.79362724
01:01:07:40:00,16.466,0.7365,3.9862,34.6255022,1.62114216,3.84606929
01:01:07:41:00,16.592,0.7334,3.3084,27.294949,1.58439092,3.35923613
01:01:07:42:00,16.772,0.7306999999999999,3.0534,16.6014158,1.55718051,2.64602425
01:01:07:43:00,16.862,0.7269,3.0534,7.42598008,1.55785868,2.05367527
01:01:07:44:00,16.826,0.7234,3.2234,5.28836037,1.59635644,1.9673433
01:01:07:45:00,16.772,0.7242000000000001,3.3375,7.74128268,1.65156691,2.21924165
01:01:07:46:00,16.808,0.7254999999999999,3.3084,9.1312339,1.69801691,2.37774763
01:01:07:47:00,16.808,0.7228,3.9303,7.62410791,1.73382057,2.30233141
01:01:07:48:00,16.826,0.7219,4.1562,6.43934492,1.75922872,2.24891391
01:01:07:49:00,16.754,0.7211,4.1003,4.61515123,1.78128318,2.12575638
01:01:07:50:00,16.7,0.7212000000000001,4.2972,2.28477331,1.80830779,1.96825372
01:01:07:51:00,16.718,0.7143,3.9012,1.49218767,1.84822692,1.95012893
01:01:07:52:00,16.88,0.7006,3.4494,1.02518866,1.8981328,1.96754768
01:01:07:53:00,17.042,0.6951,3.6753,0.729173958,1.95011964,2.00084304
01:01:07:54:00,17.042,0.7027,3.7603,0.568875937,2.01052322,2.04860293
01:01:07:55:00,16.97,0.7094,2.5166,0.476260211,2.07584121,2.10543915
01:01:07:56:00,16.826,0.7056,1.4428,0.38008177,2.1475693,2.17262443
01:01:07:57:00,16.628,0.7027,0.0,0.28069735,2.22909834,2.24837509
01:01:07:58:00,16.466,0.6984,0.0,0.197699561,2.32184041,2.33785637
01:01:07:59:00,16.268,0.7006999999999999,0.0,0.135361803,2.42198661,2.43620031
01:01:08:00:00,16.124,0.7065,0.0,0.085491504,2.530596,2.53962588
01:01:08:01:00,15.908,0.7041,0.0,0.045951777,2.64313506,2.65011185
01:01:08:02:00,15.674,0.7048000000000001,0.0,0.017098431,2.75952947,2.77038948
01:01:08:03:00,15.584,0.7101999999999999,0.0,0.004630786,2.87631406,2.88908781
01:01:08:04:00,15.53,0.7131000000000001,0.0,0.002137257,2.98958703,3.00272309
01:01:08:05:00,15.476,0.7177,0.0,0.006055687,3.09991507,3.1103849
01:01:08:06:00,15.476,0.7217,0.0,0.01282373,3.20651782,3.21465586
01:01:08:07:00,15.422,0.7219,0.0,0.021729217,3.31274897,3.314672
01:01:08:08:00,15.476,0.7204999999999999,0.0,0.029209804,3.41578436,3.4123099
01:01:08:09:00,15.494,0.7212000000000001,0.0,0.028853532,3.5136638,3.50907454
01:01:08:10:00,15.548,0.7237,0.0,0.017098338,3.61238863,3.60549545
01:01:08:11:00,15.62,0.7236,0.0,0.007124315,3.71157796,3.70732314
01:01:08:12:00,15.818,0.7249,0.0,0.001068629,3.80753437,3.80039965
01:01:08:13:00,15.944,0.7269,0.2819,0.001781079,3.8967834,3.89002957
01:01:08:14:00,16.106,0.7313,1.5278,0.009261573,3.9842023,3.97717906
01:01:08:15:00,16.178,0.7282,0.906,0.015673438,4.07141682,4.0652111
01:01:08:16:00,16.25,0.7243,2.0647,0.016029709,4.15120863,4.14655434
01:01:08:17:00,16.268,0.7222,2.6016,0.011042744,4.22207275,4.21472436
01:01:08:18:00,16.304,0.7186,2.3197,0.006768044,4.2840835,4.27182999
01:01:08:19:00,16.304,0.7115,2.7425,0.0,4.33939616,4.32480157
01:01:08:20:00,16.394,0.7015,2.4606,0.0,4.39255354,4.37600805
01:01:08:21:00,16.448,0.7069,2.2056,0.0,4.44929686,4.43351315
01:01:08:22:00,16.376,0.7112999999999999,2.6597,0.0,4.51328638,4.49536597
01:01:08:23:00,16.358,0.7148,2.5747,0.0,4.5824783,4.56400049
01:01:08:24:00,16.358,0.7217,3.0266,0.0,4.65782949,4.6369177
01:01:08:25:00,16.358,0.7271,3.7334,0.0,4.73346867,4.71165575
01:01:08:26:00,16.412,0.731,4.8072,0.0,4.81207136,4.78969175
01:01:08:27:00,16.466,0.7358,4.0153,0.0,4.89353537,4.87614449
01:01:08:28:00,16.502,0.7373000000000001,4.7781,0.0,4.98218984,4.9651334
01:01:08:29:00,16.556,0.7325,5.344,0.0,5.07394717,5.05878589
01:01:08:30:00,16.538,0.7319,5.7668,0.0,5.1694205,5.162453
01:01:08:31:00,16.484,0.7306999999999999,5.57,0.0,5.27030061,5.26750432
01:01:08:32:00,16.394,0.7306999999999999,5.315,0.0,5.37778591,5.37629951
01:01:08:33:00,16.268,0.7348,5.2031,0.0,5.49059438,5.48968396
01:01:08:34:00,16.178,0.7381,5.5968,0.0,5.60369084,5.60247385
01:01:08:35:00,16.124,0.7415,6.0509,0.0,5.71680588,5.71436261
01:01:08:36:00,16.16,0.7423000000000001,5.7109,0.0,5.8347703,5.83014388
01:01:08:37:00,16.16,0.745,5.8227,0.0,5.95362656,5.94677054
01:01:08:38:00,16.25,0.745,5.7959,0.0,6.07362549,6.06684379
01:01:08:39:00,16.376,0.7487,5.259,0.0,6.19993233,6.19292767
01:01:08:40:00,16.466,0.7545999999999999,5.8227,0.0,6.33320667,6.32945351
01:01:08:41:00,16.502,0.7587999999999999,5.8227,0.0,6.47375508,6.47302117
01:01:08:42:00,16.394,0.7543000000000001,4.6931,0.007480494,6.62555368,6.62340769
01:01:08:43:00,16.088,0.7518,2.2347,0.019235595,6.77260509,6.77653476
01:01:08:44:00,15.854,0.7578,0.0,0.01211128,6.92798963,6.93519867
01:01:08:45:00,15.728,0.7687999999999999,0.0,0.0,7.0876197,7.1005328
01:01:08:46:00,15.584,0.7797,2.2347,0.0,7.25500692,7.26407396
01:01:08:47:00,15.53,0.7873,2.9975,0.0,7.42497676,7.43495422
01:01:08:48:00,15.548,0.7894,2.2638,0.0,7.59988888,7.60446885
01:01:08:49:00,15.584,0.7888,0.8478,0.0,7.77087133,7.77376981
01:01:08:50:00,15.692,0.784,2.6016,0.016385888,7.94831033,7.94978744
01:01:08:51:00,15.818,0.7768999999999999,3.3934,0.039183641,8.12794177,8.12992054
01:01:08:52:00,15.998,0.7702,2.8566,0.046307956,8.31342591,8.31135424
01:01:08:53:00,16.394,0.7535,2.7425,0.052720007,8.49302948,8.47754305
01:01:08:54:00,16.952,0.7286,3.9594,0.061981579,8.64766153,8.63020562
01:01:08:55:00,17.42,0.7162999999999999,4.1003,0.066968358,8.77753573,8.76264386
01:01:08:56:00,17.6738,0.7173999999999999,5.655,0.068749344,8.8860708,8.8742725
01:01:08:57:00,17.7458,0.7081000000000001,4.0712,0.066611994,8.98300266,8.97411213
01:01:08:58:00,17.6396,0.6973,2.5166,0.064118558,9.08347401,9.07606988
01:01:08:59:00,17.51,0.6923,4.4381,0.060912579,9.18395465,9.17523134
01:01:09:00:00,17.384,0.6929000000000001,3.9862,0.061625029,9.28512275,9.27463434
01:01:09:01:00,17.312,0.6960999999999999,5.9077,0.056994243,9.3946054,9.3776976
01:01:09:02:00,17.402,0.7086,4.6662,0.057706693,9.5035771,9.4901066
01:01:09:03:00,17.42,0.7091,3.9862,0.063049929,9.6266696,9.6166364
01:01:09:04:00,17.42,0.7012,3.1966,0.066255816,9.7654622,9.7544071
01:01:09:05:00,17.492,0.7041,4.4672,0.070886602,9.9123371,9.897566
01:01:09:06:00,17.582,0.71,3.9594,0.068392887,10.0586546,10.0433261
01:01:09:07:00,17.717,0.7112999999999999,2.4047,0.071242409,10.1993052,10.1908513
01:01:09:08:00,17.7944,0.7026,2.6866,0.066967801,10.3458085,10.3384694
01:01:09:09:00,17.762,0.6990000000000001,3.1675,0.071954766,10.4895248,10.4839508
01:01:09:10:00,17.771,0.6989,3.0534,0.076229188,10.634263,10.6298038
01:01:09:11:00,17.7566,0.7017,2.2638,0.086560132,10.7812308,10.7783509
01:01:09:12:00,17.8808,0.7038,1.9797,0.096890055,10.9318217,10.9288489
01:01:09:13:00,17.9258,0.7025,1.1319,0.105083835,11.0781392,11.0797185
01:01:09:14:00,17.9906,0.7006,0.991,0.106507992,11.2198117,11.2225058
01:01:09:15:00,18.032,0.6976,0.7919,0.103302013,11.365386,11.3707742
01:01:09:16:00,18.1364,0.7039,0.8478,0.10365782,11.5163485,11.5200645
01:01:09:17:00,18.032,0.7306,0.2259,0.097958405,11.6675897,11.675672
01:01:09:18:00,17.8916,0.7387999999999999,1.2728,0.069461237,11.8127924,11.8399192
01:01:09:19:00,17.6972,0.7448999999999999,1.2169,0.045951592,11.960875,12.0066747
01:01:09:20:00,17.7062,0.7497,1.1878,0.042745798,12.1136026,12.1711077
01:01:09:21:00,17.7422,0.7478,0.8769,0.052007371,12.2654012,12.3350762
01:01:09:22:00,17.8106,0.741,0.0,0.063050022,12.4220306,12.4990447
01:01:09:23:00,17.9258,0.7309,0.0559,0.081573446,12.5836766,12.6658931
01:01:09:24:00,18.041,0.7378,0.2259,0.126100602,12.7374261,12.8311622
01:01:09:25:00,18.0572,0.73,1.6978,0.169203415,12.8942413,13.0030272
01:01:09:26:00,17.9654,0.7231000000000001,2.6575,0.181670595,13.0597891,13.1694111
01:01:09:27:00,18.0626,0.7302,3.3375,0.171340115,13.2295174,13.3390465
01:01:09:28:00,18.1976,0.7348,3.3644,0.18523331,13.406399,13.5196441
01:01:09:29:00,18.3164,0.7341,3.7044,0.155666027,13.593128,13.7006133
01:01:09:30:00,18.392,0.73,4.1562,0.163147264,13.7889612,13.8918015
01:01:09:31:00,18.3326,0.7314,4.7222,0.183093823,13.9796849,14.082711
01:01:09:32:00,18.5324,0.7353000000000001,4.9749,0.19805351,14.16725,14.2689755
01:01:09:33:00,18.6476,0.7338,5.4,0.212302512,14.3483121,14.4500376
01:01:09:34:00,18.77,0.7339,5.4,0.191998288,14.5253795,14.6147493
01:01:09:35:00,18.9356,0.7349,4.5522,0.152459119,14.697709,14.7776959
01:01:09:36:00,19.0652,0.7265999999999999,5.145,0.133579981,14.8652077,14.9399922
01:01:09:37:00,19.0652,0.7137,4.9481,0.135005067,15.0207223,15.0913263
01:01:09:38:00,19.0256,0.7145999999999999,3.9862,0.139991939,15.1617445,15.2298402
01:01:09:39:00,18.9266,0.7129000000000001,2.3197,0.131086545,15.2849299,15.3492167
01:01:09:40:00,18.8078,0.7184999999999999,3.3644,0.119331908,15.4070934,15.4608825
01:01:09:41:00,18.8618,0.7193,3.8744,0.126456409,15.5095621,15.5572198
01:01:09:42:00,18.8474,0.7101000000000001,1.4137,0.138923589,15.5901064,15.6407369
01:01:09:43:00,18.806,0.7101000000000001,0.34,0.143554654,15.6571802,15.7137563
01:01:09:44:00,18.8708,0.7071999999999999,1.7828,0.132511631,15.7139421,15.7713543
01:01:09:45:00,18.7988,0.7068000000000001,0.6509,0.139280325,15.7491512,15.8216132
01:01:09:46:00,18.7034,0.7092,1.5278,0.152815855,15.7857538,15.8718721
01:01:09:47:00,18.6692,0.7098,0.9328,0.24650086,15.8283949,15.9552034
01:01:09:48:00,18.6656,0.7091,0.17,0.274286321,15.8739159,16.0247855
01:01:09:49:00,18.7232,0.7126,0.51,0.51758306,15.9290056,16.1883824
01:01:09:50:00,18.9644,0.7134,1.1878,1.11246821,15.9881829,16.4670824
01:01:09:51:00,19.148,0.7136,0.0,1.40598576,16.0318459,16.6273349
01:01:09:52:00,19.3964,0.7170000000000001,0.0,1.43198847,16.0496827,16.6611505
01:01:09:53:00,19.6556,0.7137,0.4809,1.57483151,16.0360264,16.7227432
01:01:09:54:00,19.7942,0.7061,2.7156,2.30508125,16.0062984,16.9820271
01:01:09:55:00,19.8842,0.7021999999999999,3.6753,3.14185013,15.9867894,17.2670443
01:01:09:56:00,20.0012,0.7018000000000001,2.9684,2.46432114,15.9609632,16.9877869
01:01:09:57:00,20.0948,0.7062999999999999,2.6866,1.64786949,15.9303991,16.6666316
01:01:09:58:00,20.2838,0.7069,4.3553,1.21470466,15.897977,16.473957
01:01:09:59:00,20.345,0.6934,3.5075,0.680374517,15.8667626,16.2512757
01:01:10:00:00,20.0678,0.6938,2.9416,0.530764641,15.8427015,16.1855954
01:01:10:01:00,19.9382,0.7051000000000001,1.4987,0.434585271,15.8332257,16.1555887
01:01:10:02:00,20.0156,0.7167,2.4897,0.334131572,15.8249576,16.1174068
01:01:10:03:00,20.0048,0.7136,3.5634,0.311333912,15.8235641,16.1071878
01:01:10:04:00,20.0372,0.7104,4.2122,0.230116087,15.8309961,16.0764379
01:01:10:05:00,20.0822,0.7162999999999999,2.3197,0.202330626,15.8453027,16.0709568
01:01:10:06:00,20.2388,0.716,2.0378,0.16457235,15.8683419,16.0625029
01:01:10:07:00,20.426,0.7168000000000001,0.3959,0.163859807,15.9093108,16.0883291
01:01:10:08:00,20.3594,0.7081000000000001,0.0,0.150679155,15.9719254,16.1331069
01:01:10:09:00,20.1632,0.7077,0.0,0.151748434,16.0611094,16.2143944
01:01:10:10:00,20.0822,0.7162999999999999,0.0,0.165996507,16.1799285,16.3287543
01:01:10:11:00,20.1218,0.7184999999999999,0.0,0.220497221,16.312311,16.4760008
01:01:10:12:00,20.1038,0.7179000000000001,0.0,0.265024191,16.4560273,16.6392261
01:01:10:13:00,20.1038,0.7242000000000001,0.0,0.291384566,16.617023,16.8148071
01:01:10:14:00,20.1002,0.7238,0.0,0.293165459,16.789817,16.983049
01:01:10:15:00,20.0012,0.7204999999999999,0.0,0.292809652,16.9734803,17.1732153
01:01:10:16:00,20.0462,0.7259,0.0,0.329500507,17.1572365,17.3997984
01:01:10:17:00,20.1056,0.7228,0.51,0.350161467,17.3456377,17.6252667
01:01:10:18:00,20.1632,0.721,0.0559,0.428884927,17.513508,17.8494344
01:01:10:19:00,20.0858,0.7125,0.0,0.539311441,17.6673504,18.0775968
01:01:10:20:00,20.1848,0.7158,0.0,0.766577356,17.8202638,18.3305635
01:01:10:21:00,20.2712,0.7114,0.0,0.84601243,17.9796802,18.5406104
01:01:10:22:00,20.2154,0.7059000000000001,0.0,1.06010048,18.1381676,18.7885605
01:01:10:23:00,20.2262,0.7064,0.0,1.31586347,18.3046444,19.0764576
01:01:10:24:00,20.2748,0.7087,0.0,1.63503071,18.45923,19.40681
01:01:10:25:00,20.3072,0.7090000000000001,0.0,3.08515326,18.5953285,20.1989683
01:01:10:26:00,20.4134,0.7065,0.0,5.80270122,18.733285,21.537007
01:01:10:27:00,20.4224,0.7031999999999999,0.0,8.05255342,18.8650172,22.5205393
01:01:10:28:00,20.5178,0.7025,0.0,9.22131903,18.9880168,23.152538
01:01:10:29:00,20.597,0.7012,0.0,9.6537964,19.0941086,23.4599441
01:01:10:30:00,20.8094,0.6990000000000001,0.0,10.5150723,19.1820849,23.9878948
01:01:10:31:00,21.2432,0.7001000000000001,0.0,13.7056299,19.2743346,25.498263
01:01:10:32:00,21.4448,0.6848000000000001,0.0,21.3329057,19.3282166,28.7146468
01:01:10:33:00,21.4934,0.6759000000000001,0.0,27.705567,19.3392717,31.2641944
01:01:10:34:00,21.8264,0.6816,0.0,28.7078651,19.3047129,31.6407181
01:01:10:35:00,22.4564,0.6756,0.0,26.2531684,19.2429344,30.5710675
01:01:10:36:00,22.9964,0.6665000000000001,0.0,27.7400329,19.168057,31.1369214
01:01:10:37:00,23.216,0.6545000000000001,0.0,22.9097903,19.0700475,29.0965587
01:01:10:38:00,23.2772,0.6504000000000001,0.0,24.713258,19.0002796,29.9179805
01:01:10:39:00,23.3582,0.6453,0.0,27.4126533,18.949742,31.0164301
01:01:10:40:00,23.4806,0.6470999999999999,0.0,26.6714042,18.9009695,30.6279223
01:01:10:41:00,23.5832,0.6451,0.0,29.0705467,18.8849907,31.6740692
01:01:10:42:00,23.8064,0.6314,0.0,31.8484425,18.867061,32.7579335
01:01:10:43:00,23.8514,0.6261,0.0,31.0622298,18.8383549,32.5202953
01:01:10:44:00,24.0476,0.6396000000000001,0.7069,33.7316184,18.8121571,33.7196343
01:01:10:45:00,24.0764,0.6444,0.0,31.1041277,18.7590183,32.3800163
01:01:10:46:00,23.7884,0.6437,0.5369,27.6335695,18.6788456,30.8741073
01:01:10:47:00,23.2322,0.6358,1.4428,25.9262533,18.5996948,30.1180871
01:01:10:48:00,23.1746,0.6507999999999999,1.4137,28.0005245,18.5566821,31.0734707
01:01:10:49:00,23.2826,0.6453,0.7628,28.4917797,18.4964829,31.2795229
01:01:10:50:00,23.5778,0.6473,1.2169,28.4871347,18.402561,31.0907501
01:01:10:51:00,23.909,0.6518,0.34,22.3748721,18.3046444,28.367015
01:01:10:52:00,23.9018,0.6448999999999999,0.7069,19.1590457,18.2169468,27.0031501
01:01:10:53:00,23.6408,0.6445000000000001,1.1878,18.4943462,18.1383534,26.6128772
01:01:10:54:00,23.2826,0.6524,0.51,17.8972779,18.0507487,26.3375216
01:01:10:55:00,23.1332,0.6591,0.821,19.3550647,17.9559907,26.9869855
01:01:10:56:00,23.0216,0.6601,1.0469,21.7848642,17.8457184,27.9326146
01:01:10:57:00,22.9334,0.6573,0.906,23.4875354,17.7323804,28.4993046
01:01:10:58:00,22.901,0.6618,0.255,21.7673061,17.5941452,27.6876373
01:01:10:59:00,23.0846,0.6581,0.8769,19.7225771,17.4386306,26.6545893
01:01:11:00:00,22.955,0.6539,1.8678,19.2745204,17.2782852,26.3198706
01:01:11:01:00,23.063,0.6639,2.4315,21.0826331,17.126115,26.9700777
01:01:11:02:00,23.306,0.6698999999999999,2.5456,19.8493856,16.9690211,26.3155043
01:01:11:03:00,23.4716,0.6603,0.17,23.199917,16.8203811,27.7097475
01:01:11:04:00,23.7308,0.6559999999999999,0.1141,25.0834645,16.6649594,28.3906116
01:01:11:05:00,23.7578,0.6417,0.821,26.4294926,16.5013625,28.9514489
01:01:11:06:00,23.5688,0.6169,0.2259,33.8057526,16.3462195,32.0315484
01:01:11:07:00,23.4572,0.6138,2.2347,31.672397,16.1464845,30.7117181
01:01:11:08:00,23.5436,0.5781000000000001,2.3465,29.5116359,15.9392246,29.6524723
01:01:11:09:00,23.6354,0.5754,2.2906,29.20776,15.7585341,29.4018281
01:01:11:10:00,23.7614,0.5936,2.0938,31.0037957,15.5740347,30.0952337
01:01:11:11:00,23.846,0.6058,0.0559,32.9075954,15.3812672,30.8183673
01:01:11:12:00,24.116,0.6137,3.0534,34.5101204,15.1701055,31.1694364
01:01:11:13:00,24.3176,0.6004,3.6753,34.4007771,14.9608018,30.9867021
01:01:11:14:00,24.6146,0.5875,2.9416,35.6982185,14.7479679,31.4264907
01:01:11:15:00,24.9404,0.5727,1.5547,37.3873263,14.5171114,31.9079914
01:01:11:16:00,24.9854,0.5583,2.4315,43.5185405,14.3078077,34.5819321
01:01:11:17:00,25.2014,0.5574,1.9797,48.3551932,14.0917223,36.4191225
01:01:11:18:00,25.4192,0.5334,2.3756,48.9944381,13.8465592,36.533854
01:01:11:19:00,25.3832,0.5257999999999999,2.6306,49.4433309,13.6076204,36.4244178
01:01:11:20:00,25.4642,0.5314,1.6978,53.2890193,13.3676597,37.9800283
01:01:11:21:00,25.3886,0.5261,2.2347,57.4649672,13.1442352,39.7335158
01:01:11:22:00,25.6262,0.5343,0.1141,54.8042183,12.871295,38.2275139
01:01:11:23:00,26.114,0.5478000000000001,0.0,51.1996054,12.5862778,36.3111727
01:01:11:24:00,26.231,0.5257999999999999,0.0,50.11955,12.3217915,35.5524584
01:01:11:25:00,26.204,0.5261,1.3019,43.6029866,12.0476436,32.3038383
01:01:11:26:00,25.8584,0.5242,2.9416,42.9150621,11.8117705,31.7791391
01:01:11:27:00,25.7576,0.5289,1.7828,42.4675628,11.6255989,31.6060664
01:01:11:28:00,25.6802,0.5434,3.9594,46.049601,11.4669257,33.216395
01:01:11:29:00,25.2464,0.5325,2.4897,51.9311,11.32451,35.7874025
01:01:11:30:00,25.061,0.5451,0.9328,56.4164978,11.1926849,37.7278977
01:01:11:31:00,25.0844,0.5381,2.0356,57.0128229,11.0249075,37.6345332
01:01:11:32:00,25.2374,0.5502,0.0,60.221496,10.8941043,38.9562215
01:01:11:33:00,25.6982,0.55,2.4875,63.0554105,10.8076144,40.3240811
01:01:11:34:00,25.8674,0.5431,4.2972,63.7845826,10.705796,40.4853555
01:01:11:35:00,25.6118,0.5436,4.4672,61.693032,10.586884,39.4503566
01:01:11:36:00,25.4012,0.5468,5.2859,66.4678133,10.458682,41.569034
01:01:11:37:00,25.4336,0.5346,6.1918,69.0996703,10.3214687,42.4395999
01:01:11:38:00,25.574,0.5259,6.2187,66.7165066,10.2169562,41.4217875
01:01:11:39:00,25.7936,0.5534,6.4737,60.2127634,10.0933063,38.3905534
01:01:11:40:00,25.8602,0.5464,9.413,61.5533104,9.9677055,38.8495723
01:01:11:41:00,25.7396,0.5361,8.3661,65.023497,9.8564113,40.3444262
01:01:11:42:00,25.3886,0.5236,8.0284,65.0498806,9.7244004,40.3737826
01:01:11:43:00,24.998,0.5332,10.2317,59.6406852,9.5230861,37.7199083
01:01:11:44:00,24.9278,0.5412,10.0908,56.1669684,9.310438,35.8162015
01:01:11:45:00,24.8828,0.53,8.9612,53.1524563,9.10293656,34.1078634
01:01:11:46:00,24.7424,0.5451,9.8358,53.9147937,8.9436688,34.3438294
01:01:11:47:00,24.917,0.5517,8.5652,54.5245893,8.80447673,34.4358933
01:01:11:48:00,24.8954,0.5459,8.2252,57.7747887,8.65840077,36.0344236
01:01:11:49:00,24.9656,0.5652,8.5943,58.5810678,8.49459949,36.3460102
01:01:11:50:00,25.1402,0.5325,10.0617,65.9719131,8.35705175,39.7223678
01:01:11:51:00,25.0646,0.5312,8.9321,73.620463,8.24999379,43.0880419
01:01:11:52:00,25.097,0.5366,8.3661,76.2538993,8.12287872,43.9823902
01:01:11:53:00,25.2644,0.5338,8.3661,75.840773,7.9828041,43.5839421
01:01:11:54:00,25.5074,0.5444,7.3774,74.8344802,7.86711573,42.898433
01:01:11:55:00,25.9952,0.5426,7.8293,75.493327,7.72405902,43.1004905
01:01:11:56:00,26.348,0.5235,6.1337,73.4873373,7.57013301,41.8447612
01:01:11:57:00,26.5424,0.5213,6.7555,71.3117122,7.42694624,40.7757609
01:01:11:58:00,26.8394,0.5312,8.0843,74.9386211,7.31823466,42.2827847
01:01:11:59:00,26.6504,0.5034000000000001,7.9143,73.7444845,7.21282103,41.4386953
01:01:12:00:00,25.934,0.508,7.6033,71.9465908,7.0990464,40.5827147
01:01:12:01:00,25.7216,0.5236999999999999,6.7555,79.3806346,7.0220323,43.9047258
01:01:12:02:00,25.5938,0.5207,9.554,81.5755829,6.94441435,44.8780391
01:01:12:03:00,25.9142,0.5359,8.5361,82.5752798,6.86064642,45.1957571
01:01:12:04:00,26.1968,0.511,9.2139,85.8136809,6.76314787,46.6033779
01:01:12:05:00,26.3588,0.5367999999999999,9.469,87.2751837,6.68516761,47.2010965
01:01:12:06:00,26.348,0.5015,8.2543,87.1917595,6.61360674,47.1264049
01:01:12:07:00,25.9736,0.5041,8.3393,87.7642093,6.52493369,47.2988273
01:01:12:08:00,26.024,0.5053,7.2365,87.5005591,6.43487643,47.0787472
01:01:12:09:00,25.9268,0.504,8.0284,86.9597882,6.36201496,46.7821175
01:01:12:10:00,26.105,0.5221,8.4511,86.323609,6.31536058,46.4827937
01:01:12:11:00,26.3444,0.5033,6.3887,86.1379948,6.25251373,46.2484999
01:01:12:12:00,26.1896,0.4991,6.7846,85.9054661,6.18451093,45.9773248
01:01:12:13:00,26.1302,0.49520000000000003,5.9659,87.6770691,6.14879088,46.8217858
01:01:12:14:00,26.0456,0.5063,7.6033,89.5902517,6.13071254,47.7284898
01:01:12:15:00,26.114,0.4971,5.8227,90.5476791,6.11620156,48.1159757
01:01:12:16:00,26.1914,0.5157,4.3262,91.241735,6.10101241,48.4468855
01:01:12:17:00,26.0852,0.4979,3.3934,91.1916619,6.08041648,48.4156711
01:01:12:18:00,26.285,0.5159,5.3709,90.9799428,6.07942245,48.3112515
01:01:12:19:00,26.5226,0.49450000000000005,8.903,91.0594652,6.05936534,48.3094864
01:01:12:20:00,26.2274,0.5038,6.3596,90.7794646,6.01693791,48.1372498
01:01:12:21:00,26.546,0.501,6.0778,91.2243627,5.98114354,48.2853324
01:01:12:22:00,26.7458,0.498,5.5968,91.4093266,5.94946464,48.3156178
01:01:12:23:00,27.1634,0.48109999999999997,5.0331,91.2236195,5.95172211,48.1857436
01:01:12:24:00,27.5018,0.4915,3.8744,91.2009519,5.95346863,48.0834607
01:01:12:25:00,28.0544,0.4769,5.344,91.279824,5.94830339,48.0512244
01:01:12:26:00,27.9086,0.4583,6.7287,91.1346213,5.94735581,47.9821997
01:01:12:27:00,27.8186,0.45189999999999997,3.5634,91.107959,5.9577699,47.9279461
01:01:12:28:00,27.9482,0.47590000000000005,6.7555,90.9915553,5.94074133,47.8434071
01:01:12:29:00,27.464,0.4706,7.8584,90.6998493,5.92220778,47.6905866
01:01:12:30:00,27.293,0.48700000000000004,6.8987,90.0212148,5.88682217,47.3504797
01:01:12:31:00,27.2444,0.47479999999999994,9.724,89.8485137,5.83513261,47.2177256
01:01:12:32:00,27.1922,0.4836,9.0462,90.3590921,5.80661231,47.4478389
01:01:12:33:00,27.2444,0.473,8.8471,90.8037115,5.7963097,47.5811504
01:01:12:34:00,27.0788,0.47840000000000005,7.5474,90.8732936,5.77174694,47.6058618
01:01:12:35:00,27.2552,0.4783,7.5474,90.8282371,5.75750537,47.5255962
01:01:12:36:00,27.635,0.47859999999999997,5.9077,90.9324709,5.75865733,47.5130547
01:01:12:37:00,28.1192,0.4747,6.0218,91.0119933,5.75353854,47.4627029
01:01:12:38:00,28.1732,0.4535,6.7846,90.9592261,5.73068514,47.3477856
01:01:12:39:00,27.959,0.457,6.8696,90.9874677,5.72651393,47.2990131
01:01:12:40:00,27.7286,0.46020000000000005,6.3328,91.0056761,5.71063732,47.2404861
01:01:12:41:00,27.3722,0.4551,5.9928,91.1307195,5.69111903,47.2837775
01:01:12:42:00,27.0878,0.4551,5.57,91.224084,5.6673645,47.2928817
01:01:12:43:00,27.1886,0.47200000000000003,3.2793,91.2302154,5.64922113,47.2683561
01:01:12:44:00,27.7088,0.4653,2.9684,91.1864595,5.62410097,47.1861396
01:01:12:45:00,28.184,0.4507,5.259,90.9957358,5.63598288,47.0231001
01:01:12:46:00,28.1966,0.4447,5.8227,90.9598764,5.65391258,46.9374463
01:01:12:47:00,28.31,0.44049999999999995,5.485,91.0799961,5.66794977,46.9199811
01:01:12:48:00,28.4072,0.4449,8.8762,90.9585758,5.66217139,46.8019052
01:01:12:49:00,28.1696,0.4379,8.3102,90.6934392,5.65220322,46.6661783
01:01:12:50:00,27.5864,0.4411,8.7352,90.542198,5.64839432,46.565196
01:01:12:51:00,27.1868,0.4476,7.8584,90.4597028,5.63314943,46.4951494
01:01:12:52:00,27.05,0.44439999999999996,5.8227,90.4033125,5.62115604,46.4225016
01:01:12:53:00,27.0356,0.46149999999999997,6.7287,90.3527749,5.60588328,46.34781
01:01:12:54:00,27.2102,0.4604,8.4243,90.4546862,5.59018318,46.3278365
01:01:12:55:00,27.3362,0.4474,9.5249,90.5386678,5.57571865,46.3006168
01:01:12:56:00,27.1652,0.4495,8.8762,90.6519129,5.56070601,46.2872392
01:01:12:57:00,27.1976,0.45549999999999996,8.7062,90.8601947,5.54468076,46.3001523
01:01:12:58:00,27.4316,0.4485,8.6771,90.8493254,5.53905102,46.2152417
01:01:12:59:00,27.4478,0.44380000000000003,8.7062,90.7953505,5.53712799,46.1368341
01:01:13:00:00,27.2282,0.44020000000000004,8.0574,90.7032866,5.53255731,46.0080747
01:01:13:01:00,27.2858,0.4533,6.5028,90.5866971,5.52905498,45.8811733
01:01:13:02:00,27.4226,0.43829999999999997,5.8809,90.5150712,5.53018836,45.7895739
01:01:13:03:00,27.3488,0.4299,4.4962,90.4361062,5.53183269,45.7001112
01:01:13:04:00,27.0572,0.4293,5.9077,90.3024231,5.53169334,45.5634553
01:01:13:05:00,26.933,0.4302,4.5522,90.2426884,5.53212068,45.4725062
01:01:13:06:00,27.1652,0.4422,5.344,90.142728,5.53568804,45.3337136
01:01:13:07:00,27.4082,0.4465,5.3709,90.0159195,5.53923682,45.2133152
01:01:13:08:00,27.7088,0.43979999999999997,7.4065,89.9688192,5.55060778,45.1092672
01:01:13:09:00,27.3848,0.42829999999999996,6.1628,89.8935702,5.54358454,45.0062411
01:01:13:10:00,27.4028,0.43670000000000003,5.8227,89.8472131,5.54067677,44.9313637
01:01:13:11:00,27.5342,0.43320000000000003,3.9594,89.7571001,5.52899924,44.7994457
01:01:13:12:00,27.5522,0.43079999999999996,4.8631,89.7243993,5.52128854,44.699764
01:01:13:13:00,27.7394,0.4409,6.3596,89.6813866,5.51393086,44.5748135
01:01:13:14:00,27.7664,0.41869999999999996,6.4178,89.6499864,5.50177025,44.494455
01:01:13:15:00,27.5612,0.4213,6.7555,89.6257395,5.50461299,44.4150255
01:01:13:16:00,27.4496,0.4208,5.145,89.5650758,5.50206753,44.299365
01:01:13:17:00,27.6152,0.4346,3.2525,89.4509946,5.50289434,44.1588073
01:01:13:18:00,27.8654,0.428,5.0599,89.3544715,5.50933231,44.021594
01:01:13:19:00,27.6314,0.42579999999999996,6.3887,89.2578555,5.50959243,43.8927417
01:01:13:20:00,27.4478,0.4404,6.7287,89.3328258,5.50240197,43.8396958
01:01:13:21:00,27.7898,0.4448,5.2859,89.1409873,5.49608477,43.6755415
01:01:13:22:00,28.3082,0.4353,6.5878,89.0291357,5.48115574,43.5282021
01:01:13:23:00,28.445,0.41840000000000005,8.5361,88.960111,5.47619488,43.4016723
01:01:13:24:00,28.0526,0.4165,6.0778,88.8008804,5.46095928,43.2522891
01:01:13:25:00,27.77,0.4128,7.4065,88.7934484,5.44861287,43.151121
01:01:13:26:00,27.5504,0.4188,5.5968,88.7200574,5.43199306,43.0346244
01:01:13:27:00,27.6458,0.4171,5.74,88.8227119,5.41416555,42.9515718
01:01:13:28:00,27.8024,0.4199,5.429,88.7753329,5.39686757,42.8014454
01:01:13:29:00,28.2056,0.4249,5.344,88.7225657,5.38953776,42.6774239
01:01:13:30:00,28.6466,0.4257,4.4381,88.7172704,5.38571028,42.5552604
01:01:13:31:00,29.111,0.418,6.2768,88.5395527,5.38297902,42.3730835
01:01:13:32:00,29.3396,0.4031,5.259,88.5245029,5.38362932,42.2402365
01:01:13:33:00,28.8482,0.3871,7.6033,88.5215301,5.38777266,42.1627579
01:01:13:34:00,28.4036,0.4093,5.9928,88.4768452,5.37654105,42.0523927
01:01:13:35:00,28.6646,0.40659999999999996,2.6306,88.4820476,5.36122184,41.9237262
01:01:13:36:00,29.1218,0.41479999999999995,3.5903,88.5128904,5.35532269,41.8092734
01:01:13:37:00,29.6222,0.3957,4.8922,88.441729,5.35584293,41.6492067
01:01:13:38:00,29.669,0.4128,5.23,88.2089216,5.35967041,41.4422255
01:01:13:39:00,30.0578,0.3961,3.9012,88.0102085,5.35265646,41.2384958
01:01:13:40:00,29.777,0.38020000000000004,9.1871,87.9684964,5.3508542,41.1112228
01:01:13:41:00,29.0282,0.3768,6.2187,87.9051386,5.34475996,41.0232465
01:01:13:42:00,28.5206,0.3834,4.8631,87.897335,5.34371948,40.9193843
01:01:13:43:00,28.3442,0.391,6.3596,87.885258,5.32836311,40.8233257
01:01:13:44:00,28.274,0.38530000000000003,7.2074,87.6500352,5.32445202,40.6170877
01:01:13:45:00,27.9518,0.3861,8.6771,87.4154627,5.31604457,40.4113142
01:01:13:46:00,27.9518,0.3958,6.2478,87.2980371,5.29208566,40.2239349
01:01:13:47:00,27.8834,0.3851,5.259,87.2457344,5.27349637,40.088208
01:01:13:48:00,28.0058,0.3926,4.3262,87.3469954,5.26496815,40.0049696
01:01:13:49:00,28.139,0.387,2.6866,87.3370551,5.24194753,39.8590237
01:01:13:50:00,28.1894,0.395,2.6575,87.2994306,5.22632175,39.7049955
01:01:13:51:00,28.5152,0.3924,5.9368,87.1721576,5.2247889,39.5149221
01:01:13:52:00,28.5152,0.3787,8.1693,87.1580368,5.2320351,39.3872775
01:01:13:53:00,28.5782,0.3848,5.429,87.0669019,5.23443192,39.2210794
01:01:13:54:00,28.7348,0.381,4.8631,86.9727013,5.22447304,39.0520014
01:01:13:55:00,28.8032,0.3831,5.174,86.8554615,5.21414256,38.8673162
01:01:13:56:00,28.8518,0.39030000000000004,5.9368,86.7132316,5.20754666,38.6953583
01:01:13:57:00,29.1308,0.3801,6.9546,86.7739882,5.20103437,38.5775611
01:01:13:58:00,29.1884,0.3873,6.9815,86.798328,5.20308746,38.4501952
01:01:13:59:00,29.5574,0.3785,7.3774,86.788109,5.20025401,38.3034132
01:01:14:00:00,29.66,0.3809,5.7109,86.7123955,5.19319361,38.1397234
01:01:14:01:00,30.0326,0.369,6.6437,86.6955806,5.1879076,37.9909905
01:01:14:02:00,30.4124,0.36479999999999996,2.4897,86.4799597,5.21039869,37.7716536
01:01:14:03:00,30.5528,0.3632,4.1853,86.0070058,5.22388777,37.4625753
01:01:14:04:00,30.2594,0.36219999999999997,5.8518,85.7618427,5.23762768,37.2773327
01:01:14:05:00,29.8112,0.3556,4.5231,85.5151003,5.24288582,37.0762042
01:01:14:06:00,29.66,0.3676,6.5296,85.6670847,5.22763164,36.9916652
01:01:14:07:00,29.4386,0.3642,7.3215,85.5702829,5.21445842,36.8335494
01:01:14:08:00,29.507,0.3804,7.7174,85.2093664,5.20157319,36.5929384
01:01:14:09:00,29.6276,0.3697,5.7668,85.2067652,5.20798329,36.4876827
01:01:14:10:00,29.6852,0.3693,5.9928,85.2887959,5.19870258,36.3883726
01:01:14:11:00,29.8022,0.37229999999999996,6.0509,85.3427708,5.18250082,36.2619357
01:01:14:12:00,29.705,0.3577,6.4446,85.4117955,5.17362887,36.1249082
01:01:14:13:00,29.399,0.3564,7.7465,85.0910118,5.15841185,35.8642308
01:01:14:14:00,28.8104,0.34869999999999995,6.5296,84.8765057,5.1526056,35.6546484
01:01:14:15:00,28.5818,0.3649,4.7781,84.7416149,5.14785841,35.473865
01:01:14:16:00,28.7222,0.3616,6.7555,84.7483966,5.13985043,35.3203942
01:01:14:17:00,28.9058,0.35590000000000005,4.9481,84.8355368,5.13194464,35.201668
01:01:14:18:00,28.9994,0.3471,4.5522,84.7962401,5.11643034,35.0276663
01:01:14:19:00,29.0804,0.35200000000000004,2.9975,84.7629819,5.10664797,34.8712227
01:01:14:20:00,29.2838,0.3439,0.1141,84.5833133,5.10000562,34.6445467
01:01:14:21:00,29.4926,0.3368,1.9506,84.4968234,5.10553317,34.4539159
01:01:14:22:00,29.4206,0.33640000000000003,1.0469,84.3566373,5.10753981,34.2435903
01:01:14:23:00,29.552,0.3443,0.9328,84.0910362,5.12610123,33.9933177
01:01:14:24:00,29.8256,0.35850000000000004,5.089,83.8746721,5.1310528,33.7603245
01:01:14:25:00,29.9408,0.3467,5.2859,83.7904118,5.14918688,33.6070395
01:01:14:26:00,29.7842,0.34490000000000004,4.8631,83.3999531,5.18390361,33.3847298
01:01:14:27:00,29.75,0.3432,6.7555,82.8880741,5.22228989,33.116063
01:01:14:28:00,29.7446,0.3447,4.8072,81.6645811,5.25850231,32.558663
01:01:14:29:00,29.5952,0.34340000000000004,4.7781,80.3791238,5.25707165,32.0276466
01:01:14:30:00,29.552,0.3505,6.2187,80.310192,5.23822224,31.822895
01:01:14:31:00,29.5682,0.3503,5.5968,81.3415678,5.20291095,32.0195643
01:01:14:32:00,29.7446,0.34009999999999996,6.7846,82.4070379,5.15336738,32.142471
01:01:14:33:00,29.3018,0.3328,7.4915,82.4605483,5.10483642,31.9588077
01:01:14:34:00,29.0588,0.3465,5.0599,82.4584116,5.0742909,31.7822977
01:01:14:35:00,29.255,0.3423,3.8162,82.2231888,5.05024838,31.5370417
01:01:14:36:00,29.3018,0.3367,5.259,82.075292,5.04122779,31.3114805
01:01:14:37:00,29.516,0.3379,3.5903,82.1035336,5.03456686,31.145654
01:01:14:38:00,29.8526,0.33549999999999996,1.2728,81.9793263,5.02933659,30.9099667
01:01:14:39:00,29.8868,0.3329,3.0534,81.8131282,5.00604656,30.6865422
01:01:14:40:00,29.9156,0.33490000000000003,5.6818,81.6639308,4.97435837,30.4623745
01:01:14:41:00,29.9876,0.33,6.5878,81.4314021,4.9480398,30.2069924
01:01:14:42:00,30.0056,0.325,5.344,81.1932994,4.91371325,29.9430635
01:01:14:43:00,29.8472,0.3234,4.0712,80.70223,4.88140263,29.5892074
01:01:14:44:00,29.606,0.3224,4.4381,80.6848577,4.84125125,29.386128
01:01:14:45:00,29.543,0.3298,2.4315,80.6596818,4.77541302,29.1509981
01:01:14:46:00,29.5916,0.33140000000000003,5.3709,80.453258,4.71444275,28.8719265
01:01:14:47:00,29.5466,0.3348,4.7781,80.2317844,4.66539155,28.5836578
01:01:14:48:00,29.4836,0.3286,5.7668,79.9594016,4.613414,28.2944601
01:01:14:49:00,29.489,0.3371,4.0153,79.7939467,4.57931041,28.0222631
01:01:14:50:00,29.7986,0.33390000000000003,4.0444,79.684975,4.57813058,27.807757
01:01:14:51:00,30.0794,0.32289999999999996,4.6372,79.497317,4.58008148,27.5962237
01:01:14:52:00,30.1334,0.32780000000000004,3.5634,79.3724594,4.54814246,27.3499458
01:01:14:53:00,30.3908,0.3261,3.3375,79.268783,4.49518017,27.1033892
01:01:14:54:00,30.3152,0.3247,3.7894,79.2013376,4.43512032,26.871325
01:01:14:55:00,29.8562,0.3204,5.485,79.128504,4.37442875,26.6458567
01:01:14:56:00,29.3864,0.32189999999999996,5.655,78.9680657,4.33781686,26.4347879
01:01:14:57:00,29.0084,0.32770000000000005,4.5812,78.6586158,4.30234764,26.1760614
01:01:14:58:00,29.0264,0.3271,4.2122,78.5268836,4.27557386,25.9592328
01:01:14:59:00,28.9292,0.3246,5.174,78.2566375,4.24842848,25.7018998
01:01:15:00:00,29.0012,0.33390000000000003,4.1853,77.9395698,4.23136275,25.4280306
01:01:15:01:00,29.2244,0.3296,4.0712,77.7096423,4.21837533,25.1896492
01:01:15:02:00,29.246,0.3331,4.1271,77.5451164,4.20490483,24.9534974
01:01:15:03:00,29.318,0.3299,4.3822,77.3270801,4.18435535,24.6948638
01:01:15:04:00,29.192,0.32899999999999996,4.3822,77.2450494,4.15991336,24.4931779
01:01:15:05:00,29.3864,0.3389,3.7603,77.1537287,4.13703209,24.2570261
01:01:15:06:00,29.435,0.32299999999999995,5.2859,76.9804702,4.10765711,24.0067535
01:01:15:07:00,29.1488,0.33,5.6259,76.6323739,4.08479442,23.7271245
01:01:15:08:00,29.201,0.33240000000000003,4.8922,76.4326389,4.0629815,23.4735075
01:01:15:09:00,29.0948,0.3309,4.749,76.221663,4.04504251,23.2291805
01:01:15:10:00,29.048,0.3329,4.6931,75.8549867,4.01719109,22.944442
01:01:15:11:00,28.9418,0.3306,4.1562,75.609452,3.98927464,22.6985357
01:01:15:12:00,28.8032,0.3293,5.2859,75.3545344,3.96826066,22.4484489
01:01:15:13:00,28.5962,0.33049999999999996,5.315,75.1787676,3.94262026,22.2201936
01:01:15:14:00,28.6988,0.3407,3.9303,74.857891,3.91872638,21.9568221
01:01:15:15:00,28.9634,0.3381,3.3375,74.5398014,3.90073165,21.6827671
01:01:15:16:00,29.1614,0.32189999999999996,2.0088,74.280982,3.89015034,21.4172589
01:01:15:17:00,29.0264,0.32770000000000005,3.2525,74.0878429,3.86685102,21.1618768
01:01:15:18:00,29.1308,0.33299999999999996,3.4784,73.770032,3.82731278,20.8715643
01:01:15:19:00,29.408,0.3312,2.7716,73.5848823,3.79374801,20.6271444
01:01:15:20:00,29.246,0.3222,4.0153,73.2729241,3.76277515,20.3466793
01:01:15:21:00,29.0282,0.3262,4.5522,72.9934809,3.73313076,20.1015162
01:01:15:22:00,28.8914,0.3306,4.0153,72.6674019,3.70721166,19.8338713
01:01:15:23:00,29.0444,0.32780000000000004,2.4315,72.3253441,3.68406098,19.5511766
01:01:15:24:00,29.2658,0.33,3.8162,71.873014,3.65925668,19.2453498
01:01:15:25:00,29.588,0.3259,0.8478,71.6808968,3.63018827,19.0015802
01:01:15:26:00,29.8508,0.3221,1.4719,71.4946323,3.60680534,18.7510289
01:01:15:27:00,29.7986,0.31829999999999997,2.7984,71.1278631,3.58574491,18.4800396
01:01:15:28:00,29.8022,0.3239,3.9012,70.489733,3.56324453,18.1523813
01:01:15:29:00,29.768,0.31329999999999997,4.4962,70.079115,3.54189611,17.8899388
01:01:15:30:00,29.5394,0.31579999999999997,4.4381,69.5747609,3.52873218,17.622201
01:01:15:31:00,29.588,0.3161,2.8006,69.5966853,3.52117012,17.4575822
01:01:15:32:00,29.5286,0.3125,1.5838,69.3485494,3.50739305,17.2172499
01:01:15:33:00,29.5286,0.3125,3.5075,69.2116148,3.48795837,17.0115693
01:01:15:34:00,29.6636,0.3182,0.3109,68.7374532,3.47276922,16.7206065
01:01:15:35:00,29.8382,0.3189,0.7919,68.1383411,3.46085944,16.423791
01:01:15:36:00,29.9282,0.30920000000000003,4.0444,67.9556068,3.4393438,16.1901475
01:01:15:37:00,29.9498,0.3107,3.5075,67.686011,3.4150969,15.9399678
01:01:15:38:00,29.9858,0.30820000000000003,1.3019,67.1967067,3.35347633,15.6240149
01:01:15:39:00,30.0362,0.3064,2.2638,66.7937994,3.29899048,15.3147508
01:01:15:40:00,29.9768,0.3132,1.7828,66.1928293,3.25507665,14.9976831
01:01:15:41:00,30.0182,0.3157,2.0938,66.0164122,3.2255809,14.7753734
01:01:15:42:00,30.0758,0.311,2.6575,65.8050647,3.18911765,14.5350411
01:01:15:43:00,29.9462,0.311,4.3262,65.5729076,3.15894373,14.2985177
01:01:15:44:00,30.0362,0.31170000000000003,3.1966,65.2373528,3.12235971,14.0389551
01:01:15:45:00,29.9102,0.3131,0.425,64.8234833,3.08886926,13.7652717
01:01:15:46:00,29.7716,0.3128,1.6397,64.425221,3.04984197,13.5136056
01:01:15:47:00,29.6636,0.3126,4.0153,63.8799909,3.01749419,13.2483761
01:01:15:48:00,29.57,0.3106,3.5075,63.4820073,2.98581529,12.9895567
01:01:15:49:00,29.4494,0.3172,3.0266,63.4607332,2.95032749,12.7831329
01:01:15:50:00,29.525,0.32380000000000003,3.1384,63.0313494,2.9155736,12.5144661
01:01:15:51:00,29.741,0.32,4.7222,62.6180373,2.88597566,12.2493295
01:01:15:52:00,29.8976,0.3164,3.8744,62.374918,2.85161195,12.0131777
01:01:15:53:00,29.8796,0.315,2.6866,61.986596,2.81582687,11.7551944
01:01:15:54:00,29.669,0.3116,2.8856,61.4173048,2.77756136,11.4714778
01:01:15:55:00,29.3954,0.3148,2.0356,60.8535876,2.74031775,11.2011388
01:01:15:56:00,29.264,0.3191,2.7716,60.4029297,2.70683659,10.9483579
01:01:15:57:00,29.102,0.32189999999999996,4.6931,59.9435392,2.67034547,10.7015226
01:01:15:58:00,28.9778,0.3226,3.9862,59.506166,2.63811846,10.4453973
01:01:15:59:00,29.0984,0.32530000000000003,3.1384,58.931115,2.6009213,10.1711565
01:01:16:00:00,29.2118,0.32689999999999997,2.9416,58.5273716,2.56439302,9.9266437
01:01:16:01:00,29.3684,0.32409999999999994,4.0153,58.0795007,2.52924895,9.6788794
01:01:16:02:00,29.4764,0.31829999999999997,5.0331,57.432638,2.49517323,9.4027806
01:01:16:03:00,29.5016,0.3197,4.6372,56.7792723,2.46078165,9.13808063
01:01:16:04:00,29.687,0.3172,2.8566,56.3567631,2.42267407,8.90070255
01:01:16:05:00,29.669,0.31579999999999997,2.7156,55.7821766,2.38346098,8.64356464
01:01:16:06:00,29.6132,0.313,3.3644,55.13615,2.34343966,8.38681691
01:01:16:07:00,29.4314,0.31329999999999997,3.4784,54.5841382,2.30114229,8.14001877
01:01:16:08:00,29.2748,0.3124,3.7603,54.0592532,2.25565845,7.90683977
01:01:16:09:00,29.174,0.3131,2.2638,53.5552707,2.21513547,7.68108348
01:01:16:10:00,29.084,0.3141,0.34,53.0210028,2.17400864,7.447793
01:01:16:11:00,28.9868,0.3127,0.7919,52.3722821,2.13226867,7.20992255
01:01:16:12:00,28.8464,0.3171,0.7628,51.675625,2.096753,6.97782119
01:01:16:13:00,28.7042,0.3197,0.0,50.9600163,2.05527315,6.73863156
01:01:16:14:00,28.5728,0.3211,1.9506,50.135343,2.00947345,6.49094158
01:01:16:15:00,28.4162,0.32020000000000004,3.5075,49.6304315,1.96363659,6.28200019
01:01:16:16:00,28.283,0.3208,3.7044,48.8500715,1.92177585,6.0556865
01:01:16:17:00,28.1894,0.3259,3.3644,48.0423989,1.88022168,5.82302774
01:01:16:18:00,28.1534,0.3271,2.6306,42.9102313,1.83791502,5.17727055
01:01:16:19:00,28.058,0.3301,2.1497,25.1046457,1.78298325,3.59416165
01:01:16:20:00,27.9968,0.3332,0.1141,6.37012513,1.72473495,2.11577892
01:01:16:21:00,27.869,0.3362,0.0559,0.06981723,1.66986821,1.66842826
01:01:16:22:00,27.5972,0.3387,0.595,0.0,1.62459804,1.62247063
01:01:16:23:00,27.3578,0.3406,0.821,0.0,1.57821307,1.57322434
01:01:16:24:00,27.1202,0.34509999999999996,0.0,0.0,1.53406699,1.52828861
01:01:16:25:00,26.8664,0.3519,0.0,0.0,1.49382271,1.4769242
01:01:16:26:00,26.7278,0.3599,2.0356,0.0,1.4458956,1.4301026
01:01:16:27:00,26.6,0.3669,3.2234,0.0,1.39840512,1.38643031
01:01:16:28:00,26.3912,0.37450000000000006,3.5634,0.0,1.35816084,1.34623248
01:01:16:29:00,26.1482,0.37979999999999997,3.7603,0.0,1.31642087,1.30321049
01:01:16:30:00,25.88,0.38520000000000004,3.4494,0.0,1.27058401,1.25420574
01:01:16:31:00,25.709,0.38789999999999997,4.2703,0.0,1.21742663,1.20250689
01:01:16:32:00,25.502,0.39630000000000004,3.0825,0.0,1.16165876,1.14965608
01:01:16:33:00,25.2644,0.3967,3.0266,0.0,1.10947683,1.09390679
01:01:16:34:00,25.0214,0.40509999999999996,3.0825,0.0,1.06199564,1.03926301
01:01:16:35:00,24.7658,0.4096,2.4606,0.0,1.0117739,0.98879973
01:01:16:36:00,24.6722,0.41240000000000004,1.8947,0.0,0.96415336,0.93934906
01:01:16:37:00,24.557,0.41119999999999995,0.2259,0.0,0.916159362,0.889860301
01:01:16:38:00,24.539,0.4071,0.0,0.0,0.862871922,0.841588532
01:01:16:39:00,24.521,0.409,0.425,0.0,0.808966697,0.792296721
01:01:16:40:00,24.5066,0.4157,0.7069,0.0,0.761507803,0.747579306
01:01:16:41:00,24.4346,0.41729999999999995,2.0647,0.0,0.717507576,0.70460934
01:01:16:42:00,24.3554,0.4205,3.7334,0.0,0.673928186,0.65874461
01:01:16:43:00,24.2456,0.4215,5.0331,0.0,0.634124252,0.618292234
01:01:16:44:00,24.125,0.4243,5.429,0.0,0.592784681,0.57603574
01:01:16:45:00,24.0584,0.42619999999999997,5.089,0.0,0.55265281,0.538064723
01:01:16:46:00,23.9144,0.42719999999999997,3.6194,0.0,0.515433354,0.497198942
01:01:16:47:00,23.7542,0.4279,4.4381,0.0,0.481099372,0.459077427
01:01:16:48:00,23.7524,0.42700000000000005,6.0509,0.0,0.444530216,0.429521292
01:01:16:49:00,23.7884,0.4278,4.6081,0.0,0.410576195,0.396675568
01:01:16:50:00,23.7992,0.42479999999999996,4.9481,0.0,0.377524233,0.362335083
01:01:16:51:00,23.8388,0.4289,4.6372,0.0,0.341347115,0.329647289
01:01:16:52:00,23.7452,0.4296,5.0599,0.0,0.310454149,0.297998117
01:01:16:53:00,23.6678,0.43060000000000004,5.429,0.0,0.2836237,0.265000966
01:01:16:54:00,23.5508,0.4326,5.315,0.0,0.252947191,0.23785187
01:01:16:55:00,23.4698,0.4329,4.9749,0.0,0.236087699,0.210171386
01:01:16:56:00,23.4428,0.43079999999999996,4.0153,0.0,0.215442532,0.185702455
01:01:16:57:00,23.4698,0.4274,4.6662,0.0,0.191842216,0.1591377
01:01:16:58:00,23.5598,0.406,5.2031,0.0,0.166996111,0.134766314
01:01:16:59:00,23.7488,0.38659999999999994,4.9749,0.0,0.148038937,0.1116658
01:01:17:00:00,24.0818,0.35960000000000003,4.3553,0.0,0.125808896,0.088604769
01:01:17:01:00,24.3104,0.3652,4.919,0.0,0.100049584,0.070319726
01:01:17:02:00,24.4742,0.3331,5.485,0.0,0.089673026,0.05085569
01:01:17:03:00,24.9494,0.3232,5.7109,0.004986872,0.073056467,0.032015384
01:01:17:04:00,25.2428,0.33149999999999996,5.2031,0.0,0.052626457,0.014098969
01:01:17:05:00,25.1654,0.3321,5.0331,0.0,0.042611465,0.0
01:01:17:06:00,25.1654,0.3195,9.9499,0.0,0.033356302,0.0
01:01:17:07:00,25.1744,0.3209,11.4196,0.0,0.02453071,0.0
01:01:17:08:00,25.0448,0.32939999999999997,9.3571,0.0,0.015871222,0.0
01:01:17:09:00,24.7892,0.33140000000000003,8.7062,0.0,0.011880609,0.0
01:01:17:10:00,24.62,0.32289999999999996,9.1312,0.0,0.011640649,0.0
01:01:17:11:00,24.7496,0.3223,10.7977,0.0,0.005376959,0.0
01:01:17:12:00,24.8126,0.32170000000000004,11.7305,0.0,9.38847E-4,0.0
01:01:17:13:00,24.6002,0.33380000000000004,11.2786,0.0,0.0,0.0
01:01:17:14:00,24.242,0.3356,9.8358,0.0,5.26E-5,0.0
01:01:17:15:00,24.1484,0.3358,9.8649,0.0,2.75634E-4,0.0
01:01:17:16:00,24.071,0.33880000000000005,9.243,0.0,0.003078242,0.0
01:01:17:17:00,23.9504,0.3419,9.2721,0.0,0.002132798,0.0
01:01:17:18:00,23.8874,0.3419,7.9434,0.0,3.22E-5,0.0
01:01:17:19:00,23.8334,0.3422,10.0908,0.0,0.0,0.0
01:01:17:20:00,23.8154,0.3414,9.4421,0.0,0.0,0.0
01:01:17:21:00,23.7398,0.34490000000000004,9.3571,0.0,0.0,0.0
01:01:17:22:00,23.5616,0.34659999999999996,7.1246,0.0,0.0,0.0
01:01:17:23:00,23.4086,0.34630000000000005,5.8227,0.0,0.0,0.0
01:01:17:24:00,23.5112,0.3311,6.1068,0.0,0.0,0.0
01:01:17:25:00,23.7794,0.3321,7.6033,0.0,0.0,0.0
01:01:17:26:00,23.9414,0.32789999999999997,7.5765,0.0,0.0,0.0
01:01:17:27:00,24.0224,0.3271,7.8874,0.0,0.0,0.0
01:01:17:28:00,24.0908,0.3287,5.8227,0.0,0.0,0.0
01:01:17:29:00,24.0188,0.33130000000000004,3.9012,0.0,0.0,0.0
01:01:17:30:00,23.9738,0.3275,3.1675,0.0,0.0,0.0
01:01:17:31:00,23.9648,0.33039999999999997,4.5522,0.0,0.0,0.0
01:01:17:32:00,23.8784,0.32780000000000004,3.3644,0.0,0.0,0.0
01:01:17:33:00,23.8694,0.3311,2.5166,0.0,0.0,0.0
01:01:17:34:00,23.8118,0.32280000000000003,2.9707,0.0,0.0,0.0
01:01:17:35:00,23.8622,0.32280000000000003,5.8809,0.0,0.0,0.0
01:01:17:36:00,23.8784,0.3236,5.485,0.0,0.0,0.0
01:01:17:37:00,23.963,0.31739999999999996,7.7734,0.0,0.0,0.0
01:01:17:38:00,24.071,0.3224,10.3458,0.0,0.0,0.0
01:01:17:39:00,23.936,0.3283,8.4511,0.0,0.0,0.0
01:01:17:40:00,23.7866,0.3333,6.2187,0.0,0.0,0.0
01:01:17:41:00,23.603,0.3319,4.2122,0.0,0.0,0.0
01:01:17:42:00,23.4554,0.32939999999999997,1.4137,0.0,0.0,0.0
01:01:17:43:00,23.5274,0.321,8.5943,0.0,0.0,0.0
01:01:17:44:00,23.747,0.3185,9.554,0.0,0.0,0.0
01:01:17:45:00,23.8262,0.32030000000000003,8.7352,0.0,0.0,0.0
01:01:17:46:00,23.8262,0.32380000000000003,7.6033,0.0,0.0,0.0
01:01:17:47:00,23.7452,0.3214,6.8137,0.0,0.0,0.0
01:01:17:48:00,23.765,0.3251,5.6259,0.0,0.0,0.0
01:01:17:49:00,23.6264,0.3239,6.9546,0.0,0.0,0.0
01:01:17:50:00,23.6372,0.3208,5.9928,0.0,0.0,0.0
01:01:17:51:00,23.6444,0.3271,5.7109,0.0,0.0,0.0
01:01:17:52:00,23.5562,0.3245,3.5344,0.0,0.0,0.0
01:01:17:53:00,23.5364,0.32549999999999996,5.9368,0.0,0.0,0.0
01:01:17:54:00,23.5562,0.3215,5.0331,0.0,0.0,0.0
01:01:17:55:00,23.5976,0.3212,4.749,0.0,0.0,0.0
01:01:17:56:00,23.5652,0.32409999999999994,4.834,0.0,0.0,0.0
01:01:17:57:00,23.5976,0.32130000000000003,5.57,0.0,0.0,0.0
01:01:17:58:00,23.7182,0.3194,6.0218,0.0,0.0,0.0
01:01:17:59:00,23.7362,0.32299999999999995,9.158,0.0,0.0,0.0
01:01:18:00:00,23.6192,0.3284,11.0236,0.0,0.0,0.0
01:01:18:01:00,23.4842,0.32880000000000004,12.3233,0.0,0.0,0.0
01:01:18:02:00,23.3906,0.3335,10.7418,0.0,0.0,0.0
01:01:18:03:00,23.2412,0.3319,12.0974,0.0,0.0,0.0
01:01:18:04:00,23.441,0.3283,13.0302,0.0,0.0,0.0
01:01:18:05:00,23.72,0.3222,12.8333,0.0,0.0,0.0
01:01:18:06:00,23.8676,0.324,12.6342,0.0,0.0,0.0
01:01:18:07:00,23.8568,0.3273,11.3905,0.0,0.0,0.0
01:01:18:08:00,23.8442,0.3232,9.6949,0.0,0.0,0.0
01:01:18:09:00,23.828,0.3249,10.9386,0.0,0.0,0.0
01:01:18:10:00,23.8244,0.3237,10.8827,0.0,0.0,0.0
01:01:18:11:00,23.828,0.3264,11.7014,0.0,0.0,0.0
01:01:18:12:00,23.7938,0.3237,11.3636,0.0,0.0,0.0
01:01:18:13:00,23.7398,0.3293,11.0236,0.0,0.0,0.0
01:01:18:14:00,23.6444,0.3267,9.7799,0.0,0.0,0.0
01:01:18:15:00,23.5958,0.3259,14.5557,0.0,0.0,0.0
01:01:18:16:00,23.5904,0.3282,13.2852,0.0,0.0,0.0
01:01:18:17:00,23.6084,0.32939999999999997,11.0236,0.0,0.0,0.0
01:01:18:18:00,23.549,0.3282,12.0414,0.0,0.0,0.0
01:01:18:19:00,23.6804,0.3231,11.9273,0.0,0.0,0.0
01:01:18:20:00,23.7866,0.3268,10.2608,0.0,0.0,0.0
01:01:18:21:00,23.7056,0.3281,10.7686,0.0,0.0,0.0
01:01:18:22:00,23.729,0.3224,10.8536,0.0,0.0,0.0
01:01:18:23:00,23.8136,0.3275,11.4196,0.0,0.0,0.0
01:01:18:24:00,23.603,0.3281,11.9005,0.0,0.0,0.0
01:01:18:25:00,23.7542,0.31920000000000004,12.0974,0.0,0.0,0.0
01:01:18:26:00,23.9144,0.3186,12.5492,0.0,0.0,0.0
01:01:18:27:00,23.9684,0.31980000000000003,12.5224,0.0,0.0,0.0
01:01:18:28:00,23.8964,0.3221,17.2691,0.0,0.0,0.0
01:01:18:29:00,23.8424,0.3237,16.3923,0.0,0.0,0.0
01:01:18:30:00,23.8604,0.3214,14.8398,0.0,0.0,0.0
01:01:18:31:00,23.9378,0.32,12.8892,0.0,0.0,0.0
01:01:18:32:00,23.8568,0.325,15.2067,0.0,0.0,0.0
01:01:18:33:00,23.7812,0.32170000000000004,14.4998,0.0,0.0,0.0
01:01:18:34:00,23.9504,0.3182,12.8892,0.0,0.0,0.0
01:01:18:35:00,24.1214,0.3159,12.3792,0.0,0.0,0.0
01:01:18:36:00,24.1214,0.3224,13.5961,0.0,0.0,0.0
01:01:18:37:00,23.9144,0.3211,12.5224,0.0,0.0,0.0
01:01:18:38:00,23.9072,0.3218,13.6811,0.0,0.0,0.0
01:01:18:39:00,23.8568,0.325,14.4439,0.0,0.0,0.0
01:01:18:40:00,23.8712,0.3187,14.0189,0.0,0.0,0.0
01:01:18:41:00,23.8892,0.3247,15.7145,0.0,0.0,0.0
01:01:18:42:00,23.6984,0.32439999999999997,13.4261,0.0,0.0,0.0
01:01:18:43:00,23.7614,0.31980000000000003,11.2786,0.0,0.0,0.0
01:01:18:44:00,23.9198,0.319,10.0908,0.0,0.0,0.0
01:01:18:45:00,23.8172,0.32049999999999995,9.894,0.0,0.0,0.0
01:01:18:46:00,23.6624,0.32289999999999996,11.1377,0.0,0.0,0.0
01:01:18:47:00,23.5526,0.32549999999999996,12.4933,0.0,0.0,0.0
01:01:18:48:00,23.5418,0.31989999999999996,14.5557,0.0,0.0,0.0
01:01:18:49:00,23.8118,0.3185,17.1841,0.0,0.0,0.0
01:01:18:50:00,24.071,0.3079,16.0813,0.0,0.0,0.0
01:01:18:51:00,24.3806,0.3057,14.5848,0.00926148,0.0,0.0
01:01:18:52:00,24.5552,0.3044,15.9695,0.015317073,0.0,0.0
01:01:18:53:00,24.5246,0.308,12.6051,0.004274515,0.0,0.0
01:01:18:54:00,24.3932,0.311,12.9161,0.002493436,0.0,0.0
01:01:18:55:00,24.2276,0.3143,12.9742,0.0,0.0,0.0
01:01:18:56:00,24.1376,0.3171,15.3767,0.0,0.0,0.0
01:01:18:57:00,24.0224,0.3196,15.2067,0.0,0.0,0.0
01:01:18:58:00,24.0044,0.3196,13.482,0.0,0.0,0.0
01:01:18:59:00,23.8568,0.3184,12.8042,0.0,0.0,0.0
01:01:19:00:00,23.8154,0.3182,12.7483,0.0,0.0,0.0
01:01:19:01:00,23.7668,0.3154,16.5914,0.0,0.0,0.0
01:01:19:02:00,23.7722,0.3201,17.5242,0.0,0.0,0.0
01:01:19:03:00,23.6462,0.3175,15.2335,0.0,0.0,0.0
01:01:19:04:00,23.846,0.3157,16.6764,0.0,0.0,0.0
01:01:19:05:00,23.8964,0.31670000000000004,15.2917,0.0,0.0,0.0
01:01:19:06:00,23.8244,0.3175,12.4933,0.0,0.0,0.0
01:01:19:07:00,23.8298,0.3165,12.5224,0.0,0.0,0.0
01:01:19:08:00,23.9144,0.3125,15.7995,0.0,0.0,0.0
01:01:19:09:00,23.963,0.312,19.7521,0.0,0.0,0.0
01:01:19:10:00,24.0386,0.3151,20.1548,0.0,0.0,0.0
01:01:19:11:00,24.0764,0.3129,17.6092,0.0,0.0,0.0
01:01:19:12:00,24.1286,0.3128,16.2513,0.0,0.0,0.0
01:01:19:13:00,24.278,0.3061,14.8108,0.0,0.0,0.0
01:01:19:14:00,24.3446,0.3157,21.139,0.0,0.0,0.0
01:01:19:15:00,24.1286,0.3134,18.7455,0.0,0.0,0.0
01:01:19:16:00,24.1736,0.31379999999999997,15.3185,0.0,0.0,0.0
01:01:19:17:00,24.134,0.3164,18.0073,0.0,0.0,0.0
01:01:19:18:00,24.08,0.3161,18.0073,0.0,0.0,0.0
01:01:19:19:00,24.1214,0.3178,17.6919,0.0,0.0,0.0
01:01:19:20:00,24.017,0.317,19.4837,0.0,0.0,0.0
01:01:19:21:00,24.098,0.3196,19.0811,0.0,0.0,0.0
01:01:19:22:00,24.0008,0.3271,19.7074,0.0,0.0,0.0
01:01:19:23:00,23.9018,0.3212,21.3627,0.0,0.0,0.0
01:01:19:24:00,23.9288,0.33030000000000004,20.8482,0.0,0.0,0.0
01:01:19:25:00,23.7848,0.3265,18.9692,0.0,0.0,0.0
01:01:19:26:00,23.927,0.3239,17.1841,0.0,0.0,0.0
01:01:19:27:00,23.945,0.3268,15.7995,0.0,0.0,0.0
01:01:19:28:00,23.8874,0.32299999999999995,17.8619,0.0,0.0,0.0
01:01:19:29:00,23.8928,0.3287,20.6917,0.0,0.0,0.0
01:01:19:30:00,23.8208,0.3239,17.985,0.0,0.0,0.0
01:01:19:31:00,23.9288,0.32789999999999997,16.5914,0.0,0.0,0.0
01:01:19:32:00,23.8118,0.33,16.5623,0.0,0.0,0.0
01:01:19:33:00,23.6984,0.3297,17.9179,0.0,0.0,0.0
01:01:19:34:00,23.7038,0.3326,21.8549,0.0,0.0,0.0
01:01:19:35:00,23.6714,0.33149999999999996,20.9377,0.0,0.0,0.0
01:01:19:36:00,23.6714,0.3335,18.2534,0.0,0.0,0.0
01:01:19:37:00,23.5742,0.336,18.3652,0.0,0.0,0.0
01:01:19:38:00,23.5526,0.33140000000000003,20.4009,0.0,0.0,0.0
01:01:19:39:00,23.6678,0.3284,19.2153,0.0,0.0,0.0
01:01:19:40:00,23.8028,0.327,19.2824,0.0,0.0,0.0
01:01:19:41:00,23.873,0.32630000000000003,17.5801,0.0,0.0,0.0
01:01:19:42:00,23.9288,0.3274,18.3205,0.0,0.0,0.0
01:01:19:43:00,23.927,0.3226,19.2824,0.0,0.0,0.0
01:01:19:44:00,24.0494,0.3166,17.2691,0.0,0.0,0.0
01:01:19:45:00,24.251,0.316,16.7614,0.0,0.0,0.0
01:01:19:46:00,24.107,0.3233,16.3363,0.0,0.0,0.0
01:01:19:47:00,23.9018,0.32539999999999997,14.133,0.0,0.0,0.0
01:01:19:48:00,23.7902,0.32530000000000003,12.9742,0.0,0.0,0.0
01:01:19:49:00,23.7614,0.3251,14.2448,0.0,0.0,0.0
01:01:19:50:00,23.7182,0.3284,17.0991,0.0,0.0,0.0
01:01:19:51:00,23.6552,0.33149999999999996,16.2245,0.0,0.0,0.0
01:01:19:52:00,23.5472,0.32939999999999997,14.9808,0.0,0.0,0.0
01:01:19:53:00,23.5652,0.3307,18.656,0.0,0.0,0.0
01:01:19:54:00,23.6318,0.3264,15.1776,0.0,0.0,0.0
01:01:19:55:00,23.7272,0.32880000000000004,15.6295,0.0,0.0,0.0
01:01:19:56:00,23.6714,0.32439999999999997,14.4439,0.0,0.0,0.0
01:01:19:57:00,23.846,0.31739999999999996,15.3185,0.0,0.0,0.0
01:01:19:58:00,23.9414,0.3191,16.0813,0.0,0.0,0.0
01:01:19:59:00,24.0476,0.3165,18.7903,0.0,0.0,0.0
01:01:20:00:00,23.981,0.32130000000000003,17.2691,0.0,0.0,0.0
01:01:20:01:00,24.008,0.3188,19.8416,0.0,0.0,0.0
01:01:20:02:00,24.0584,0.3194,17.4951,0.0,0.0,0.0
01:01:20:03:00,24.0476,0.3239,18.0521,0.0,0.0,0.0
01:01:20:04:00,23.936,0.3204,16.9582,0.0,0.0,0.0
01:01:20:05:00,24.0476,0.3161,19.3495,0.0,0.0,0.0
01:01:20:06:00,24.1736,0.3155,17.7501,0.0,0.0,0.0
01:01:20:07:00,24.1106,0.31670000000000004,15.7145,0.0,0.0,0.0
01:01:20:08:00,23.972,0.319,17.9402,0.0,0.0,0.0
01:01:20:09:00,24.0008,0.3166,16.1663,0.0,0.0,0.0
01:01:20:10:00,24.0764,0.31739999999999996,15.9136,0.0,0.0,0.0
01:01:20:11:00,24.0386,0.32049999999999995,14.4998,0.0,0.0,0.0
01:01:20:12:00,23.9198,0.3223,15.6295,0.0,0.0,0.0
01:01:20:13:00,23.9864,0.3189,15.4035,0.0,0.0,0.0
01:01:20:14:00,24.0188,0.318,14.4707,0.0,0.0,0.0
01:01:20:15:00,23.9828,0.3184,15.3476,0.0,0.0,0.0
01:01:20:16:00,23.9558,0.3211,17.551,0.0,0.0,0.0
01:01:20:17:00,23.7128,0.3289,17.721,0.0,0.0,0.0
01:01:20:18:00,23.4788,0.33240000000000003,17.381,0.0,0.0,0.0
01:01:20:19:00,23.3618,0.33399999999999996,16.7882,0.0,0.0,0.0
01:01:20:20:00,23.4086,0.3243,16.2804,0.0,0.0,0.0
01:01:20:21:00,23.6732,0.3256,19.4166,0.0,0.0,0.0
01:01:20:22:00,23.7308,0.3247,20.2443,0.0,0.0,0.0
01:01:20:23:00,23.6048,0.33159999999999995,18.1192,0.0,0.0,0.0
01:01:20:24:00,23.3978,0.33490000000000003,16.3654,0.0,0.0,0.0
01:01:20:25:00,23.3132,0.3306,14.7258,0.0,0.0,0.0
01:01:20:26:00,23.4428,0.3256,14.4439,0.0,0.0,0.0
01:01:20:27:00,23.5202,0.3264,17.5801,0.0,0.0,0.0
01:01:20:28:00,23.5058,0.32909999999999995,18.0297,0.0,0.0,0.0
01:01:20:29:00,23.4572,0.3308,19.7074,0.0,0.0,0.0
01:01:20:30:00,23.4716,0.3306,13.7079,0.0,0.0,0.0
01:01:20:31:00,23.4032,0.331,13.737,0.0,0.0,0.0
01:01:20:32:00,23.3726,0.3297,17.4392,0.0,0.0,0.0
01:01:20:33:00,23.4338,0.33140000000000003,19.4837,0.0,0.0,0.0
01:01:20:34:00,23.4716,0.3346,20.9601,0.0,0.0,0.0
01:01:20:35:00,23.4032,0.3368,19.9758,0.0,0.0,0.0
01:01:20:36:00,23.4032,0.33140000000000003,17.1551,0.0,0.0,0.0
01:01:20:37:00,23.5382,0.3284,16.6764,0.0,0.0,0.0
01:01:20:38:00,23.5382,0.3311,15.2335,0.0,0.0,0.0
01:01:20:39:00,23.5382,0.3265,12.1824,0.0,0.0,0.0
01:01:20:40:00,23.5058,0.3336,15.7704,0.0,0.0,0.0
01:01:20:41:00,23.2772,0.3368,17.9179,0.0,0.0,0.0
01:01:20:42:00,23.3618,0.33509999999999995,18.6337,0.0,0.0,0.0
01:01:20:43:00,23.3996,0.34,21.2733,0.0,0.0,0.0
01:01:20:44:00,23.3456,0.33770000000000006,21.139,0.0,0.0,0.0
01:01:20:45:00,23.324,0.3396,20.8482,0.0,0.0,0.0
01:01:20:46:00,23.4068,0.33649999999999997,18.8574,0.0,0.0,0.0
01:01:20:47:00,23.3762,0.33770000000000006,17.2132,0.0,0.0,0.0
01:01:20:48:00,23.4338,0.3306,18.5889,0.0,0.0,0.0
01:01:20:49:00,23.4698,0.33799999999999997,19.864,0.0,0.0,0.0
01:01:20:50:00,23.3618,0.3367,18.3429,0.0,0.0,0.0
01:01:20:51:00,23.4896,0.3362,19.2377,0.0,0.0,0.0
01:01:20:52:00,23.5832,0.3332,17.636,0.0,0.0,0.0
01:01:20:53:00,23.6192,0.3323,20.0206,0.0,0.0,0.0
01:01:20:54:00,23.5688,0.33409999999999995,16.7882,0.0,0.0,0.0
01:01:20:55:00,23.5256,0.33759999999999996,18.7679,0.0,0.0,0.0
01:01:20:56:00,23.4536,0.3394,15.2067,0.0,0.0,0.0
01:01:20:57:00,23.4176,0.3379,17.806,0.0,0.0,0.0
01:01:20:58:00,23.4752,0.33909999999999996,17.8351,0.0,0.0,0.0
01:01:20:59:00,23.2826,0.3456,20.2443,0.0,0.0,0.0
01:01:21:00:00,23.1746,0.34090000000000004,16.1663,0.0,0.0,0.0
01:01:21:01:00,23.3582,0.3448,16.9023,0.0,0.0,0.0
01:01:21:02:00,23.3906,0.3375,15.2335,0.0,0.0,0.0
01:01:21:03:00,23.5076,0.3358,14.2739,0.0,0.0,0.0
01:01:21:04:00,23.5688,0.3398,13.7079,0.0,0.0,0.0
01:01:21:05:00,23.4122,0.33899999999999997,13.567,0.0,0.0,0.0
01:01:21:06:00,23.324,0.3404,19.1034,0.0,0.0,0.0
01:01:21:07:00,23.2106,0.34020000000000006,21.1614,0.0,0.0,0.0
01:01:21:08:00,23.3276,0.3385,16.7323,0.0,0.0,0.0
01:01:21:09:00,23.3798,0.3404,16.7882,0.0,0.0,0.0
01:01:21:10:00,23.3618,0.3418,17.7769,0.0,0.0,0.0
01:01:21:11:00,23.3672,0.3429,16.0813,0.0,0.0,0.0
01:01:21:12:00,23.315,0.34380000000000005,18.7903,0.0,0.0,0.0
01:01:21:13:00,23.3726,0.34090000000000004,18.2758,0.0,0.0,0.0
01:01:21:14:00,23.4266,0.34020000000000006,15.8554,0.0,0.0,0.0
01:01:21:15:00,23.4968,0.34130000000000005,15.2335,0.0,0.0,0.0
01:01:21:16:00,23.5112,0.34149999999999997,13.822,0.0,0.0,0.0
01:01:21:17:00,23.4428,0.34119999999999995,19.3048,0.0,0.0,0.0
01:01:21:18:00,23.4788,0.33909999999999996,19.5956,0.0,0.0,0.0
01:01:21:19:00,23.5328,0.34009999999999996,18.0297,0.0,0.0,0.0
01:01:21:20:00,23.5814,0.3404,19.7298,0.0,0.0,0.0
01:01:21:21:00,23.5256,0.3439,22.5036,0.0,0.0,0.0
01:01:21:22:00,23.3942,0.34850000000000003,19.4837,0.0,0.0,0.0
01:01:21:23:00,23.3042,0.3467,15.9695,0.0,0.0,0.0
01:01:21:24:00,23.4068,0.33909999999999996,19.0587,0.0,0.0,0.0
01:01:21:25:00,23.5328,0.34130000000000005,18.231,0.0,0.0,0.0
01:01:21:26:00,23.4212,0.3423,18.9916,0.0,0.0,0.0
01:01:21:27:00,23.3672,0.34340000000000004,17.2401,0.0,0.0,0.0
01:01:21:28:00,23.3978,0.3404,15.4885,0.0,0.0,0.0
01:01:21:29:00,23.4248,0.34340000000000004,17.1841,0.0,0.0,0.0
01:01:21:30:00,23.4212,0.3369,16.0545,0.0,0.0,0.0
01:01:21:31:00,23.5904,0.33630000000000004,14.3298,0.0,0.0,0.0
01:01:21:32:00,23.6552,0.3328,11.7305,0.0,0.0,0.0
01:01:21:33:00,23.7092,0.3317,12.5224,0.0,0.0,0.0
01:01:21:34:00,23.7164,0.3328,14.1598,0.0,0.0,0.0
01:01:21:35:00,23.6408,0.33380000000000004,13.9339,0.0,0.0,0.0
01:01:21:36:00,23.5058,0.33509999999999995,12.3233,0.0,0.0,0.0
01:01:21:37:00,23.4158,0.3347,10.7977,0.0,0.0,0.0
01:01:21:38:00,23.4248,0.3343,10.4308,0.0,0.0,0.0
01:01:21:39:00,23.4356,0.335,10.0058,0.0,0.0,0.0
01:01:21:40:00,23.3762,0.3335,9.158,0.0,0.0,0.0
01:01:21:41:00,23.3492,0.3342,9.809,0.0,0.0,0.0
01:01:21:42:00,23.3492,0.33380000000000004,10.2049,0.0,0.0,0.0
01:01:21:43:00,23.3366,0.3336,11.8155,0.0,0.0,0.0
01:01:21:44:00,23.3888,0.3312,11.4486,0.0,0.0,0.0
01:01:21:45:00,23.4968,0.3312,11.2496,0.0,0.0,0.0
01:01:21:46:00,23.3708,0.33549999999999996,13.5111,0.0,0.0,0.0
01:01:21:47:00,23.2412,0.33409999999999995,12.8601,0.0,0.0,0.0
01:01:21:48:00,23.2466,0.33520000000000005,10.4018,0.0,0.0,0.0
01:01:21:49:00,23.2196,0.3367,10.1758,0.0,0.0,0.0
01:01:21:50:00,23.081,0.33390000000000003,10.1758,0.0,0.0,0.0
01:01:21:51:00,23.279,0.33240000000000003,12.7751,0.0,0.0,0.0
01:01:21:52:00,23.288,0.33149999999999996,10.5986,0.0,0.0,0.0
01:01:21:53:00,23.3852,0.3283,11.1936,0.0,0.0,0.0
01:01:21:54:00,23.5382,0.3273,12.7483,0.0,0.0,0.0
01:01:21:55:00,23.5418,0.3259,12.4642,0.0,0.0,0.0
01:01:21:56:00,23.6192,0.3246,9.9499,0.0,0.0,0.0
01:01:21:57:00,23.6282,0.32380000000000003,11.4196,0.0,0.0,0.0
01:01:21:58:00,23.7488,0.3221,10.6568,0.0,0.0,0.0
01:01:21:59:00,23.7434,0.324,12.1264,0.0,0.0,0.0
01:01:22:00:00,23.7182,0.3221,11.1377,0.0,0.0,0.0
01:01:22:01:00,23.7668,0.32270000000000004,12.8892,0.0,0.0,0.0
01:01:22:02:00,23.7038,0.32630000000000003,13.3702,0.0,0.0,0.0
01:01:22:03:00,23.6768,0.3239,18.5889,0.0,0.0,0.0
01:01:22:04:00,23.8478,0.3222,15.5176,0.006411865,0.0,0.0
01:01:22:05:00,23.9774,0.3212,16.1954,0.011755101,0.0,0.0
01:01:22:06:00,23.954,0.3232,15.9404,0.01816706,0.0,0.0
01:01:22:07:00,23.9558,0.3225,13.567,0.025291375,0.0,0.0
01:01:22:08:00,24.0008,0.3249,16.3654,0.020660588,0.0,0.0
01:01:22:09:00,23.9414,0.32380000000000003,16.9582,0.012823823,0.0,0.0
01:01:22:10:00,23.9198,0.3248,16.6473,0.0,0.0,0.0
01:01:22:11:00,23.8424,0.3307,17.2401,0.0,0.0,0.0
01:01:22:12:00,23.9054,0.3243,17.3251,0.003205886,0.0,0.0
01:01:22:13:00,24.0746,0.324,18.4771,0.018166874,0.0,0.0
01:01:22:14:00,24.3536,0.3207,17.636,0.033484133,0.0,0.0
01:01:22:15:00,24.3032,0.3287,19.9535,0.022441481,0.0,0.0
01:01:22:16:00,24.0926,0.3276,14.8958,0.009974023,0.0,0.0
01:01:22:17:00,24.2906,0.31489999999999996,14.9517,0.015317259,0.0,0.0
01:01:22:18:00,24.431,0.3186,15.4035,0.016742159,0.0,0.0
01:01:22:19:00,24.4652,0.31679999999999997,17.8619,0.01139883,0.0,0.0
01:01:22:20:00,24.4166,0.31420000000000003,18.0968,0.006055594,0.0,0.0
01:01:22:21:00,24.5678,0.30920000000000003,17.2132,0.004630786,0.0,0.0
01:01:22:22:00,24.6632,0.3104,17.4951,0.002493529,0.0,0.0
01:01:22:23:00,24.8072,0.3044,13.9339,0.011755009,0.0,0.0
01:01:22:24:00,24.9278,0.305,15.1217,0.013892266,0.0,0.0
01:01:22:25:00,24.9404,0.30579999999999996,15.5736,0.008905301,0.0,0.0
01:01:22:26:00,24.962,0.306,15.7995,0.012467459,0.0,0.0
01:01:22:27:00,24.8738,0.3132,16.2513,0.006411865,0.0,0.0
01:01:22:28:00,24.8162,0.3084,15.9136,0.0,0.0,0.0
01:01:22:29:00,24.8594,0.3105,13.7639,0.0,0.0,0.0
01:01:22:30:00,24.8738,0.30820000000000003,14.4148,0.0,0.0,0.0
01:01:22:31:00,24.8702,0.3105,13.4529,0.0,0.0,0.0
01:01:22:32:00,24.8558,0.31379999999999997,15.9136,0.0,0.0,0.0
01:01:22:33:00,24.8432,0.31329999999999997,19.1705,0.0,0.0,0.0
01:01:22:34:00,24.9638,0.3078,18.7455,0.0,0.0,0.0
01:01:22:35:00,25.0088,0.3096,14.1889,0.0,0.0,0.0
01:01:22:36:00,24.9998,0.3136,16.3073,0.0,0.0,0.0
01:01:22:37:00,24.8162,0.3152,16.7614,0.0,0.0,0.0
01:01:22:38:00,24.7802,0.3155,13.2561,0.0,0.0,0.0
01:01:22:39:00,24.6866,0.3209,13.652,0.0,0.0,0.0
01:01:22:40:00,24.5498,0.3215,14.9517,0.0,0.0,0.0
01:01:22:41:00,24.44,0.3212,16.0254,0.0,0.0,0.0
01:01:22:42:00,24.5876,0.3153,14.1598,0.0,0.0,0.0
01:01:22:43:00,24.6596,0.31579999999999997,13.8489,0.0,0.0,0.0
01:01:22:44:00,24.6866,0.3159,13.2852,0.0,0.0,0.0
01:01:22:45:00,24.5948,0.3212,13.878,0.0,0.0,0.0
01:01:22:46:00,24.4022,0.3258,12.8042,0.0,0.0,0.0
01:01:22:47:00,24.386,0.3196,13.6811,0.0,0.0,0.0
01:01:22:48:00,24.6812,0.3201,13.3411,0.0,0.0,0.0
01:01:22:49:00,24.7082,0.3157,12.7483,0.0,0.0,0.0
01:01:22:50:00,24.8144,0.3164,12.6342,0.0,0.0,0.0
01:01:22:51:00,24.7964,0.3151,12.4083,0.0,0.0,0.0
01:01:22:52:00,24.9224,0.3119,14.218,0.0,0.0,0.0
01:01:22:53:00,25.0628,0.3134,13.907,0.001781079,0.0,0.0
01:01:22:54:00,25.0304,0.3175,11.9564,0.001068629,0.0,0.0
01:01:22:55:00,24.9098,0.32,12.1824,0.0,0.0,0.0
01:01:22:56:00,24.8072,0.322,12.6051,0.0,0.0,0.0
01:01:22:57:00,24.9008,0.32299999999999995,11.8155,0.0,0.0,0.0
01:01:22:58:00,24.9944,0.3173,13.963,0.0,0.0,0.0
01:01:22:59:00,25.0358,0.321,14.4439,0.0,0.0,0.0
01:01:23:00:00,25.016,0.32049999999999995,12.4933,0.0,0.0,0.0
01:01:23:01:00,25.0538,0.3234,14.1039,0.0,0.0,0.0
01:01:23:02:00,25.0268,0.32270000000000004,13.7079,0.0,0.0,0.0
01:01:23:03:00,25.0844,0.326,15.7995,0.0,0.0,0.0
01:01:23:04:00,25.0268,0.3273,18.2534,0.0,0.0,0.0
01:01:23:05:00,25.1114,0.3273,14.4148,0.0,0.0,0.0
01:01:23:06:00,25.2554,0.3239,13.1711,0.006055594,0.0,0.0
01:01:23:07:00,25.2806,0.3309,12.9452,0.001781079,0.0,0.0
01:01:23:08:00,25.196,0.33520000000000005,14.4148,0.0,0.0,0.0
01:01:23:09:00,25.16,0.3326,11.9005,0.0,0.0,0.0
01:01:23:10:00,25.2464,0.332,14.3857,0.0,0.0,0.0
01:01:23:11:00,25.295,0.331,12.8892,0.0,0.0,0.0
01:01:23:12:00,25.3724,0.3335,11.8155,0.0,0.0,0.0
01:01:23:13:00,25.3724,0.3345,9.668,0.0,0.0,0.0
01:01:23:14:00,25.4696,0.3312,9.554,0.0014249,0.0,0.0
01:01:23:15:00,25.4426,0.3346,9.6949,0.0,0.0,0.0
01:01:23:16:00,25.4102,0.3357,10.9095,0.0,0.0,0.0
01:01:23:17:00,25.358,0.34409999999999996,11.0527,0.0,0.0,0.0
01:01:23:18:00,25.3616,0.337,11.3636,7.1245E-4,0.0,0.0
01:01:23:19:00,25.4822,0.3433,12.2964,0.008905301,0.0,0.0
01:01:23:20:00,25.4642,0.3442,15.2917,0.009974023,0.0,0.0
01:01:23:21:00,25.4786,0.34619999999999995,13.652,0.01353618,0.0,0.0
01:01:23:22:00,25.484,0.3435,13.0302,0.016742066,0.0,0.0
01:01:23:23:00,25.5776,0.33840000000000003,12.7483,0.020660588,0.0,0.0
01:01:23:24:00,25.6622,0.3425,11.9564,0.018523331,0.0,0.0
01:01:23:25:00,25.5596,0.3444,12.1824,0.013180095,0.0,0.0
01:01:23:26:00,25.52,0.3453,10.3168,0.005699508,0.0,0.0
01:01:23:27:00,25.5416,0.3443,8.3661,0.0014249,0.0,0.0
01:01:23:28:00,25.529,0.35850000000000004,7.1515,0.0,0.0,0.0
01:01:23:29:00,25.3796,0.3725,6.8137,0.0,0.0,0.0
01:01:23:30:00,25.0358,0.3655,6.1628,0.0,0.0,0.0
01:01:23:31:00,24.6578,0.3525,5.23,0.0,0.0,0.0
01:01:23:32:00,24.4832,0.3457,4.919,0.0,0.0,0.0
01:01:23:33:00,24.5552,0.3547,5.344,0.0,0.0,0.0
01:01:23:34:00,24.5246,0.37729999999999997,6.6996,0.0,0.0,0.0
01:01:23:35:00,24.3806,0.37579999999999997,6.4737,0.0,0.0,0.0
01:01:23:36:00,24.4166,0.369,7.8293,0.0,0.0,0.0
01:01:23:37:00,24.5516,0.36840000000000006,8.1984,0.0,0.0,0.0
01:01:23:38:00,24.6596,0.3472,8.2252,0.005699508,0.0,0.0
01:01:23:39:00,24.8882,0.35340000000000005,7.5765,0.013536273,0.0,0.0
01:01:23:40:00,24.9062,0.3644,8.5361,0.003918429,0.0,0.0
01:01:23:41:00,24.8468,0.36869999999999997,9.894,0.0,0.0,0.0
01:01:23:42:00,24.7712,0.3711,9.3839,0.0,0.0,0.0
01:01:23:43:00,24.6542,0.3779,8.3952,0.0,0.0,0.0
01:01:23:44:00,24.5768,0.3784,7.4624,0.0,0.0,0.0
01:01:23:45:00,24.5156,0.3778,7.5474,0.0,0.0,0.0
01:01:23:46:00,24.5426,0.37479999999999997,6.8987,0.0,0.0,0.0
01:01:23:47:00,24.6362,0.3751,7.7734,0.0,0.0,0.0
01:01:23:48:00,24.6632,0.3796,8.4802,0.0,0.0,0.0
01:01:23:49:00,24.6326,0.38539999999999996,7.1515,0.0,0.0,0.0
01:01:23:50:00,24.6668,0.37799999999999995,6.8696,0.0,0.0,0.0
01:01:23:51:00,24.8018,0.3778,6.6996,0.0,0.0,0.0
01:01:23:52:00,24.935,0.3761,7.4065,0.007480587,0.0,0.0
01:01:23:53:00,25.0484,0.37929999999999997,6.9256,0.007124315,0.0,0.0
01:01:23:54:00,25.052,0.3893,6.6437,0.0,0.0,0.0
01:01:23:55:00,24.9098,0.3884,6.3887,0.0,0.0,0.0
01:01:23:56:00,24.8648,0.38520000000000004,7.0396,0.0,0.0,0.0
01:01:23:57:00,24.8414,0.37520000000000003,6.8406,0.0,0.0,0.0
01:01:23:58:00,25.0628,0.3638,5.57,0.001781079,0.0,0.0
01:01:23:59:00,25.1996,0.36479999999999996,5.2031,0.005699508,0.0,0.0
01:02:00:00:00,25.2554,0.3624,5.259,0.006411958,0.0,0.0
